dealer_name,filename2,filename,shape,Part number,Part description,Part category,Status,Quality,On stock,Price ex tax,Packaged quantity,Max order quantity
2S,2S_xiaomi.csv,2S_xiaomi.xlsx,"(474, 9)",280100000B1A,"Upper Speaker, Xiaomi Poco M3",Audio/speaker,"Leverbaar, alleen uit voorraad",Original,1,4.4,1,0
2S,2S_xiaomi.csv,2S_xiaomi.xlsx,"(474, 9)",301583300050,"Power Key - Blue, Xiaomi Mi A3",Button/Key,"Leverbaar, alleen uit voorraad",Original,1,3.0,1,0
2S,2S_xiaomi.csv,2S_xiaomi.xlsx,"(474, 9)",301583600050,"Volume Key - Blue, Xiaomi Mi A3",Button/Key,"Leverbaar, alleen uit voorraad",Original,1,3.0,1,0
2S,2S_xiaomi.csv,2S_xiaomi.xlsx,"(474, 9)",301583700050,"Sim Tray - Black, Xiaomi Mi A3",Module SD SIM,"Leverbaar, alleen uit voorraad",Original,5,0.44,1,0
2S,2S_xiaomi.csv,2S_xiaomi.xlsx,"(474, 9)",301583900050,"Sim Tray - Blue, Xiaomi Mi A3",Module SD SIM,"Leverbaar, alleen uit voorraad",Original,3,0.44,1,0
2S,2S_xiaomi.csv,2S_xiaomi.xlsx,"(474, 9)",301586200050,"Sim Tray - Silver, Xiaomi Mi A3",Module SD SIM,"Leverbaar, alleen uit voorraad",Original,4,0.88,1,0
2S,2S_xiaomi.csv,2S_xiaomi.xlsx,"(474, 9)",32020000083U,"Double Side Adhesive Battery Cover, Xiaomi Note 10 Lite",Tapes,"Leverbaar, alleen uit voorraad",Original,4,4.53,1,0
2S,2S_xiaomi.csv,2S_xiaomi.xlsx,"(474, 9)",32020000G74Q,"Battery Cover Adhesive (version B), Xiaomi Mi 11 Lite 4G/Mi 11 Lite 5G",Tapes,"Leverbaar, alleen uit voorraad",Original,1,4.0,1,0
2S,2S_xiaomi.csv,2S_xiaomi.xlsx,"(474, 9)",32020000GC4E,"Rear Camera Adhesive, Xiaomi Mi 11 Lite 4G/Mi 11 Lite 5G",Camera,"Leverbaar, alleen uit voorraad",Original,1,3.39,1,0
2S,2S_xiaomi.csv,2S_xiaomi.xlsx,"(474, 9)",32020000GQ3U,"Battery Cover Adhesive, Xiaomi Poco F3/Mi 11X Pro",Tapes,"Leverbaar, alleen uit voorraad",Original,15,2.49,1,0
2S,2S_xiaomi.csv,2S_xiaomi.xlsx,"(474, 9)",32020000HP2R,"Battery Cover Adhesive, Xiaomi Redmi Note 10 Pro",Tapes,"Leverbaar, alleen uit voorraad",Original,25+,0.99,1,0
2S,2S_xiaomi.csv,2S_xiaomi.xlsx,"(474, 9)",32020000JE9T,"Battery Cover Adhesive, Xiaomi Redmi Note 10/Redmi Note 10S",Tapes,"Leverbaar, alleen uit voorraad",Original,2,3.36,1,0
2S,2S_xiaomi.csv,2S_xiaomi.xlsx,"(474, 9)",32020000JK9T,"Rear Camera Adhesive, Xiaomi Redmi Note 10/Redmi Note 10S",Camera,"Leverbaar, alleen uit voorraad",Original,2,3.33,1,0
2S,2S_xiaomi.csv,2S_xiaomi.xlsx,"(474, 9)",32020000L19T,"Rear Camera Adhesive, Xiaomi Redmi Note 10S",Camera,"Leverbaar, alleen uit voorraad",Original,2,3.39,1,0
2S,2S_xiaomi.csv,2S_xiaomi.xlsx,"(474, 9)",32020000QF3U,"Battery Cover Adhesive (Lower, single version), Xiaomi Mi 11T Pro",Tapes,"Leverbaar, alleen uit voorraad",Original,2,16.5,1,0
2S,2S_xiaomi.csv,2S_xiaomi.xlsx,"(474, 9)",32020000QJ3U,"Battery Cover Adhesive (Upper, single version), Xiaomi Mi 11T Pro",Tapes,"Leverbaar, alleen uit voorraad",Original,3,3.0,1,0
2S,2S_xiaomi.csv,2S_xiaomi.xlsx,"(474, 9)",32130000015Z,"Battery Adhesive, Xiaomi Redmi Note 8 Pro",Battery,"Leverbaar, alleen uit voorraad",Original,6,2.73,1,0
2S,2S_xiaomi.csv,2S_xiaomi.xlsx,"(474, 9)",32130000042R,"Battery Adhesive, Xiaomi Redmi Note 8",Tapes,"Leverbaar, alleen uit voorraad",Original,3,1.48,1,0
2S,2S_xiaomi.csv,2S_xiaomi.xlsx,"(474, 9)",321300000E5Z,"Battery Adhesive, Xiaomi Redmi Note 10/Redmi Note 10S",Tapes,"Leverbaar, alleen uit voorraad",Original,1,3.39,1,0
2S,2S_xiaomi.csv,2S_xiaomi.xlsx,"(474, 9)",321300000F5Z,"Battery Adhesive, Xiaomi Redmi Note 10 5G",Tapes,"Leverbaar, alleen uit voorraad",Original,9,1.32,1,0
2S,2S_xiaomi.csv,2S_xiaomi.xlsx,"(474, 9)",32140000015Z,"Battery Adhesive, Xiaomi Mi Note 10 / Note 10 Lite",Battery,"Leverbaar, alleen uit voorraad",Original,2,3.36,1,0
2S,2S_xiaomi.csv,2S_xiaomi.xlsx,"(474, 9)",321400000U1Y,"Battery Adhesive, Xiaomi Mi 11 Lite 4G/Mi 11 Lite 5G",Tapes,"Leverbaar, alleen uit voorraad",Original,2,4.0,1,0
2S,2S_xiaomi.csv,2S_xiaomi.xlsx,"(474, 9)",321400000V5S,"Battery Adhesive, Xiaomi Poco F3/Mi 11X Pro",Tapes,"Leverbaar, alleen uit voorraad",Original,2,3.36,1,0
2S,2S_xiaomi.csv,2S_xiaomi.xlsx,"(474, 9)",321400000X5Z ,"Battery Adhesive, Xiaomi Redmi Note 10 Pro",Tapes,"Leverbaar, alleen uit voorraad",Original,3,3.33,1,0
2S,2S_xiaomi.csv,2S_xiaomi.xlsx,"(474, 9)",32140000131G,"Battery Adhesive, Xiaomi Mi 11T Pro",Tapes,"Leverbaar, alleen uit voorraad",Original,10,0.99,1,0
2S,2S_xiaomi.csv,2S_xiaomi.xlsx,"(474, 9)",3400780300A1,"Power Key - Purple, Xiaomi Mi 9",Button/Key,"Leverbaar, alleen uit voorraad",Original,3,0.25,1,0
2S,2S_xiaomi.csv,2S_xiaomi.xlsx,"(474, 9)",3400783300A1,"Volume Key - Purple, Xiaomi Mi 9",Button/Key,"Leverbaar, alleen uit voorraad",Original,3,0.25,1,0
2S,2S_xiaomi.csv,2S_xiaomi.xlsx,"(474, 9)",340116400050,"Sim Tray - Blue, Xiaomi Redmi 8A",Module SD SIM,"Leverbaar, alleen uit voorraad",Original,1,1.78,1,0
2S,2S_xiaomi.csv,2S_xiaomi.xlsx,"(474, 9)",340116500050,"Sim Tray - Red, Xiaomi Redmi 8A",Module SD SIM,"Leverbaar, alleen uit voorraad",Original,2,0.79,1,0
2S,2S_xiaomi.csv,2S_xiaomi.xlsx,"(474, 9)",345100001R6R,"Rear Camera Lens, Xiaomi Redmi Note 10 Lite",Camera,"Leverbaar, alleen uit voorraad",Original,1,8.0,1,0
2S,2S_xiaomi.csv,2S_xiaomi.xlsx,"(474, 9)",410100000K5E,"Front Camera 16M, Xiaomi Redmi Note 9S/Redmi Note 9 Pro",Camera,"Leverbaar, alleen uit voorraad",Original,2,11.4,1,0
2S,2S_xiaomi.csv,2S_xiaomi.xlsx,"(474, 9)",41010000155Y,"Front Camera, Xiaomi Note 10 Lite",Camera,"Leverbaar, alleen uit voorraad",Original,1,23.4,1,0
2S,2S_xiaomi.csv,2S_xiaomi.xlsx,"(474, 9)",410100001A5Y,"Front Camera 20M, Xiaomi Poco X3 Pro",Camera,"Leverbaar, alleen uit voorraad",Original,1,24.34,1,0
2S,2S_xiaomi.csv,2S_xiaomi.xlsx,"(474, 9)",410100001R5Y,"Front Camera 20MP, Xiaomi Mi 11 / Mi 11 Lite 5G",Camera,"Leverbaar, alleen uit voorraad",Original,2,18.98,1,0
2S,2S_xiaomi.csv,2S_xiaomi.xlsx,"(474, 9)",410100001Z5Y,"Front Camera 16M, Xiaomi Mi 11 Lite 4G",Camera,"Leverbaar, alleen uit voorraad",Original,1,14.04,1,0
2S,2S_xiaomi.csv,2S_xiaomi.xlsx,"(474, 9)",410100002A5Y,"Front Camera 16M, Xiaomi Redmi Note 10 Pro",Camera,"Leverbaar, alleen uit voorraad",Original,1,20.12,1,0
2S,2S_xiaomi.csv,2S_xiaomi.xlsx,"(474, 9)",410100002D5Y,"Front Camera 13M, Xiaomi Redmi Note 10/Redmi Note 10S",Camera,"Leverbaar, alleen uit voorraad",Original,1,18.0,1,0
2S,2S_xiaomi.csv,2S_xiaomi.xlsx,"(474, 9)",410100002M9X,"Front Camera 8M, Xiaomi Redmi Note 10 5G",Camera,"Leverbaar, alleen uit voorraad",Original,1,13.68,1,0
2S,2S_xiaomi.csv,2S_xiaomi.xlsx,"(474, 9)",410100003F5E,"Front Camera, Xiaomi 12 / 12X / 12 Pro",Camera,"Leverbaar, alleen uit voorraad",Original,2,16.67,1,0
2S,2S_xiaomi.csv,2S_xiaomi.xlsx,"(474, 9)",410100003L7D,"Front Camera 16M, Xiaomi Poco M4 Pro 5G",Camera,"Leverbaar, alleen uit voorraad",Original,4,12.48,1,0
2S,2S_xiaomi.csv,2S_xiaomi.xlsx,"(474, 9)",410100003S5M,"Front Camera 13M, Xiaomi Redmi Note 11",Camera,"Leverbaar, alleen uit voorraad",Original,3,9.81,1,0
2S,2S_xiaomi.csv,2S_xiaomi.xlsx,"(474, 9)",41010000475Y,"Front Camera 32M, Xiaomi 12 Lite",Camera,"Leverbaar, alleen uit voorraad",Original,2,17.13,1,0
2S,2S_xiaomi.csv,2S_xiaomi.xlsx,"(474, 9)",410200001H5Y,"Rear Camera 2M, Xiaomi Redmi Note 9 Pro",Camera,"Leverbaar, alleen uit voorraad",Original,1,10.5,1,0
2S,2S_xiaomi.csv,2S_xiaomi.xlsx,"(474, 9)",410200001I5E,"Rear Camera 8M, Xiaomi Redmi Note 9S/Redmi Note 9 Pro",Camera,"Leverbaar, alleen uit voorraad",Original,2,15.0,1,0
2S,2S_xiaomi.csv,2S_xiaomi.xlsx,"(474, 9)",410200001J5E,"Rear Camera 5M, Xiaomi Redmi Note 9S/Redmi Note 9 Pro",Camera,"Leverbaar, alleen uit voorraad",Original,1,12.0,1,0
2S,2S_xiaomi.csv,2S_xiaomi.xlsx,"(474, 9)",41020000325Y,"Rear Camera 64M, Xiaomi Redmi Note 10 Lite",Camera,"Leverbaar, alleen uit voorraad",Original,1,57.5,1,0
2S,2S_xiaomi.csv,2S_xiaomi.xlsx,"(474, 9)",41020000345Y,"Rear Camera 5M, Xiaomi Note 10 Lite",Camera,"Leverbaar, alleen uit voorraad",Original,1,12.0,1,0
2S,2S_xiaomi.csv,2S_xiaomi.xlsx,"(474, 9)",41020000355Y,"Rear Camera 2M, Xiaomi Note 10 Lite",Camera,"Leverbaar, alleen uit voorraad",Original,1,13.5,1,0
2S,2S_xiaomi.csv,2S_xiaomi.xlsx,"(474, 9)",41020000365Y,"Rear Camera 8M, Xiaomi Redmi Note 10 Lite",Camera,"Leverbaar, alleen uit voorraad",Original,1,15.0,1,0
2S,2S_xiaomi.csv,2S_xiaomi.xlsx,"(474, 9)",410200003Z5E,"Rear Camera 2M (macro), Xiaomi Poco X3 Pro",Camera,"Leverbaar, alleen uit voorraad",Original,1,10.98,1,0
2S,2S_xiaomi.csv,2S_xiaomi.xlsx,"(474, 9)",41020000405E,"Rear Camera 2M (depth), Xiaomi Poco X3 Pro",Camera,"Leverbaar, alleen uit voorraad",Original,1,10.92,1,0
2S,2S_xiaomi.csv,2S_xiaomi.xlsx,"(474, 9)",41020000555Y,"Rear Camera 64M (main camera), Xiaomi Mi 10T Lite",Camera,"Leverbaar, alleen uit voorraad",Original,1,48.0,1,0
2S,2S_xiaomi.csv,2S_xiaomi.xlsx,"(474, 9)",410200005S5Y,"Camera Module (Main) Macro 5MP, Xiaomi Mi 11",Camera,"Leverbaar, alleen uit voorraad",Original,2,8.09,1,0
2S,2S_xiaomi.csv,2S_xiaomi.xlsx,"(474, 9)",410200006I5E,"Rear Camera 64M (main camera), Xiaomi Mi 11 Lite 4G/Mi 11 Lite 5G",Camera,"Leverbaar, alleen uit voorraad",Original,1,20.36,1,0
2S,2S_xiaomi.csv,2S_xiaomi.xlsx,"(474, 9)",410200006J5E,"Rear Camera 8M (wide angle+depth), Xiaomi Mi 11 Lite 5G",Camera,"Leverbaar, alleen uit voorraad",Original,4,9.96,1,0
2S,2S_xiaomi.csv,2S_xiaomi.xlsx,"(474, 9)",410200006K5Y,"Rear Camera 5M (macro), Xiaomi Mi 11 Lite 4G/Mi 11 Lite 5G",Camera,"Leverbaar, alleen uit voorraad",Original,2,10.49,1,0
2S,2S_xiaomi.csv,2S_xiaomi.xlsx,"(474, 9)",410200007G5E,"Rear Camera 8M (ultra wide angle), Xiaomi Poco F3",Camera,"Leverbaar, alleen uit voorraad",Original,1,14.6,1,0
2S,2S_xiaomi.csv,2S_xiaomi.xlsx,"(474, 9)",410200007J5Y,"Rear Camera 5M (macro), Xiaomi Poco F3",Camera,"Leverbaar, alleen uit voorraad",Original,1,14.48,1,0
2S,2S_xiaomi.csv,2S_xiaomi.xlsx,"(474, 9)",410200007P5Y,"Rear Camera 2M, Xiaomi Redmi Note 10 Pro",Camera,"Leverbaar, alleen uit voorraad",Original,3,4.14,1,0
2S,2S_xiaomi.csv,2S_xiaomi.xlsx,"(474, 9)",410200007Q5Y,"Rear Camera 5M, Xiaomi Redmi Note 10 Pro",Camera,"Leverbaar, alleen uit voorraad",Original,1,14.52,1,0
2S,2S_xiaomi.csv,2S_xiaomi.xlsx,"(474, 9)",410200007V5E,"Rear Camera 2M (depth), Xiaomi Redmi Note 10/Redmi Note 10S",Camera,"Leverbaar, alleen uit voorraad",Original,1,10.5,1,0
2S,2S_xiaomi.csv,2S_xiaomi.xlsx,"(474, 9)",410200007X5E,"Rear Camera 2M (macro), Xiaomi Redmi Note 10/Redmi Note 10S",Camera,"Leverbaar, alleen uit voorraad",Original,2,10.5,1,0
2S,2S_xiaomi.csv,2S_xiaomi.xlsx,"(474, 9)",41020000805V,"Rear Camera 64M (main), Xiaomi Redmi Note 10S",Camera,"Leverbaar, alleen uit voorraad",Original,1,31.2,1,0
2S,2S_xiaomi.csv,2S_xiaomi.xlsx,"(474, 9)",41020000825Y,"Rear Camera 48M (main camera), Xiaomi Poco F3",Camera,"Leverbaar, alleen uit voorraad",Original,1,29.16,1,0
2S,2S_xiaomi.csv,2S_xiaomi.xlsx,"(474, 9)",410200008N5E,"Rear Camera 8M (wide angle), Xiaomi Poco X3 Pro",Camera,"Leverbaar, alleen uit voorraad",Original,1,14.91,1,0
2S,2S_xiaomi.csv,2S_xiaomi.xlsx,"(474, 9)",410200008X9X,"Rear Camera 48M (main camera), Xiaomi Redmi Note 10 5G",Camera,"Leverbaar, alleen uit voorraad",Original,1,26.68,1,0
2S,2S_xiaomi.csv,2S_xiaomi.xlsx,"(474, 9)",410200008Y9X,"Rear Camera 2M (depth), Xiaomi Redmi Note 10 5G",Camera,"Leverbaar, alleen uit voorraad",Original,1,19.98,1,0
2S,2S_xiaomi.csv,2S_xiaomi.xlsx,"(474, 9)",41020000909X,"Rear Camera 2M (macro), Xiaomi Redmi Note 10 5G",Camera,"Leverbaar, alleen uit voorraad",Original,1,20.96,1,0
2S,2S_xiaomi.csv,2S_xiaomi.xlsx,"(474, 9)",41020000955Y,"Rear Camera 8M (wide angle), Xiaomi Poco X3 GT",Camera,"Leverbaar, alleen uit voorraad",Original,2,7.6,1,0
2S,2S_xiaomi.csv,2S_xiaomi.xlsx,"(474, 9)",410200009B5Y,"Rear Camera 2M (macro), Xiaomi Redmi Note 10 Pro",Camera,"Leverbaar, alleen uit voorraad",Original,2,5.64,1,0
2S,2S_xiaomi.csv,2S_xiaomi.xlsx,"(474, 9)",410200009D5E,"Rear Camera 8M (ultra wide angle), Xiaomi Mi 11X Pro",Camera,"Leverbaar, alleen uit voorraad",Original,2,10.2,1,0
2S,2S_xiaomi.csv,2S_xiaomi.xlsx,"(474, 9)",410200009E5Y,"Rear Camera 108M (main), Xiaomi Mi 11X Pro",Camera,"Leverbaar, alleen uit voorraad",Original,1,57.5,1,0
2S,2S_xiaomi.csv,2S_xiaomi.xlsx,"(474, 9)",410200009F5Y,"Rear Camera 5M (macro), Xiaomi Mi 11X Pro",Camera,"Leverbaar, alleen uit voorraad",Original,2,11.7,1,0
2S,2S_xiaomi.csv,2S_xiaomi.xlsx,"(474, 9)",41020000A25Y,"Rear Camera 108M (main), Xiaomi Mi 11T Pro",Camera,"Leverbaar, alleen uit voorraad",Original,1,69.94,1,0
2S,2S_xiaomi.csv,2S_xiaomi.xlsx,"(474, 9)",41020000BB5V,"Rear Camera 50M (main), Xiaomi 12X",Camera,"Leverbaar, alleen uit voorraad",Original,2,56.82,1,0
2S,2S_xiaomi.csv,2S_xiaomi.xlsx,"(474, 9)",41020000BD5Y,"Rear Camera, Xiaomi 12 / 12X",Camera,"Leverbaar, alleen uit voorraad",Original,1,7.62,1,0
2S,2S_xiaomi.csv,2S_xiaomi.xlsx,"(474, 9)",41020000BG5Y,"Rear Camera 50M (long focus), Xiaomi 12 Pro",Camera,"Leverbaar, alleen uit voorraad",Original,2,19.19,1,0
2S,2S_xiaomi.csv,2S_xiaomi.xlsx,"(474, 9)",41020000BH5Y,"Rear Camera 50M (ultra wide angle), Xiaomi 12 Pro",Camera,"Leverbaar, alleen uit voorraad",Original,2,19.07,1,0
2S,2S_xiaomi.csv,2S_xiaomi.xlsx,"(474, 9)",41020000BM5E,"Rear Camera 13M (ultra wide angle), Xiaomi 12X",Camera,"Leverbaar, alleen uit voorraad",Original,2,9.35,1,0
2S,2S_xiaomi.csv,2S_xiaomi.xlsx,"(474, 9)",41020000BT5E,"Rear Camera 2M (macro), Xiaomi Redmi Note 11",Camera,"Leverbaar, alleen uit voorraad",Original,1,10.5,1,0
2S,2S_xiaomi.csv,2S_xiaomi.xlsx,"(474, 9)",41020000BV7D,"Rear Camera 50M (main camera), Xiaomi Poco M4 Pro 5G",Camera,"Leverbaar, alleen uit voorraad",Original,2,18.54,1,0
2S,2S_xiaomi.csv,2S_xiaomi.xlsx,"(474, 9)",41020000BW7D,"Rear Camera 8M (wide angle), Xiaomi Poco M4 Pro 5G",Camera,"Leverbaar, alleen uit voorraad",Original,2,9.3,1,0
2S,2S_xiaomi.csv,2S_xiaomi.xlsx,"(474, 9)",41020000C3K2,"Rear Camera 8M (ultra wide angle), Xiaomi Redmi Note 11",Camera,"Leverbaar, alleen uit voorraad",Original,1,13.5,1,0
2S,2S_xiaomi.csv,2S_xiaomi.xlsx,"(474, 9)",41020000C95Y,"Rear Camera 2M (depth), Xiaomi Redmi Note 11",Camera,"Leverbaar, alleen uit voorraad",Original,2,8.42,1,0
2S,2S_xiaomi.csv,2S_xiaomi.xlsx,"(474, 9)",41020000CD5E,"Rear Camera 50M (main camera), Xiaomi Redmi Note 11",Camera,"Leverbaar, alleen uit voorraad",Original,1,20.28,1,0
2S,2S_xiaomi.csv,2S_xiaomi.xlsx,"(474, 9)",41020000DDQM,"Rear Camera (main), Xiaomi 12 Lite",Camera,"Leverbaar, alleen uit voorraad",Original,2,31.67,1,0
2S,2S_xiaomi.csv,2S_xiaomi.xlsx,"(474, 9)",41020000DG5Y,"Rear Camera 2M (macro), Xiaomi 12 Lite",Camera,"Leverbaar, alleen uit voorraad",Original,2,5.88,1,0
2S,2S_xiaomi.csv,2S_xiaomi.xlsx,"(474, 9)",41020000DJ5V,"Rear Camera 50M (main), Xiaomi 12X",Camera,"Leverbaar, alleen uit voorraad",Original,1,40.81,1,0
2S,2S_xiaomi.csv,2S_xiaomi.xlsx,"(474, 9)",41020000DK5E,"Rear Camera 8M (ultra wide angle), Xiaomi 12 Lite",Camera,"Leverbaar, alleen uit voorraad",Original,2,6.08,1,0
2S,2S_xiaomi.csv,2S_xiaomi.xlsx,"(474, 9)",414201470076,"Rear Camera 2M FF, Xiaomi Redmi Note 8 Pro",Camera,"Leverbaar, alleen uit voorraad",Original,2,4.3,1,0
2S,2S_xiaomi.csv,2S_xiaomi.xlsx,"(474, 9)",414640470076,"Rear Camera 64M FF, Xiaomi Redmi Note 8 Pro",Camera,"Leverbaar, alleen uit voorraad",Original,1,34.36,1,0
2S,2S_xiaomi.csv,2S_xiaomi.xlsx,"(474, 9)",42010000081J,"Vibrator, Xiaomi Poco X3 Pro/Mi 11 Lite 4G/Mi 11 Lite 5G/Redmi Note 10 Pro",Buzzer/vibra,"Leverbaar, alleen uit voorraad",Original,3,3.93,1,0
2S,2S_xiaomi.csv,2S_xiaomi.xlsx,"(474, 9)",420100000G1A,"Vibrator, Xiaomi Mi 11T/Mi 11T Pro",Buzzer/vibra,"Leverbaar, alleen uit voorraad",Original,1,6.0,1,0
2S,2S_xiaomi.csv,2S_xiaomi.xlsx,"(474, 9)",420100000H1J,"Vibrator, Xiaomi Redmi Note 10/Redmi Note 10S",Buzzer/vibra,"Leverbaar, alleen uit voorraad",Original,2,4.0,1,0
2S,2S_xiaomi.csv,2S_xiaomi.xlsx,"(474, 9)",42010000102G,"Vibrator, Xiaomi Redmi Note 11",Buzzer/vibra,"Leverbaar, alleen uit voorraad",Original,2,4.0,1,0
2S,2S_xiaomi.csv,2S_xiaomi.xlsx,"(474, 9)",42020000022G,"Vibrator, Xiaomi Redmi 9",Buzzer/vibra,"Leverbaar, alleen uit voorraad",Original,1,3.33,1,0
2S,2S_xiaomi.csv,2S_xiaomi.xlsx,"(474, 9)",422000033000,"Vibrator, Xiaomi Mi 11",Buzzer/vibra,"Leverbaar, alleen uit voorraad",Original,1,8.0,1,0
2S,2S_xiaomi.csv,2S_xiaomi.xlsx,"(474, 9)",45010000031P,Audio Analog Adapter Cable Type C - Type C White for models Xiaomi Poco F3/Mi 11/Mi 11 Lite 4G/Mi 11 Lite 5G/Mi 11X Pro,USB datalink kabel,"Leverbaar, alleen uit voorraad",Original,7,5.7,1,0
2S,2S_xiaomi.csv,2S_xiaomi.xlsx,"(474, 9)",45010000154S,"USB Data Cable - Type C 6A White for models Xiaomi Mi 11/Mi 11T/Mi 11T Pro_x000D_
",USB Cable,"Leverbaar, alleen uit voorraad",Original,25+,5.55,1,0
2S,2S_xiaomi.csv,2S_xiaomi.xlsx,"(474, 9)",451100002TKR,"Coaxial Cable - Black, Xiaomi Mi 11 Lite 4G/Mi 11 Lite 5G",Cable,"Leverbaar, alleen uit voorraad",Original,1,4.5,1,0
2S,2S_xiaomi.csv,2S_xiaomi.xlsx,"(474, 9)",451123W20070,USB Data Cable 3A- Type C White for models Xiaomi Mi 11 Lite 5G/Poco M3/Poco X3 Pro/Redmi Note 8 Pro,USB datalink kabel,"Leverbaar, alleen uit voorraad",Original,3,3.6,1,0
2S,2S_xiaomi.csv,2S_xiaomi.xlsx,"(474, 9)",453000070027,Coaxial Cable - Xiaomi Redmi Note 8 Pro,Cable,"Leverbaar, alleen uit voorraad",Original,2,4.59,1,0
2S,2S_xiaomi.csv,2S_xiaomi.xlsx,"(474, 9)",460200000O5Z,"Battery, Xiaomi Poco F2 Pro",Battery,"Leverbaar, alleen uit voorraad",Original,3,22.1,1,0
2S,2S_xiaomi.csv,2S_xiaomi.xlsx,"(474, 9)",460200000U1G,"Battery, Xiaomi Mi 10",Battery,"Leverbaar, alleen uit voorraad",Original,20,20.15,1,0
2S,2S_xiaomi.csv,2S_xiaomi.xlsx,"(474, 9)",460200001C5Z,"Battery, Xiaomi Mi 10 Lite 5G",Battery,"Leverbaar, alleen uit voorraad",Original,2,14.25,1,0
2S,2S_xiaomi.csv,2S_xiaomi.xlsx,"(474, 9)",460200002F5Z,"Battery, Xiaomi Redmi Note 9S",Battery,"Leverbaar, alleen uit voorraad",Original,6,15.3,1,0
2S,2S_xiaomi.csv,2S_xiaomi.xlsx,"(474, 9)",460200003J1G,"Battery, Xiaomi Poco X3_x000D_
",Battery,"Leverbaar, alleen uit voorraad",Original,10,20.8,1,0
2S,2S_xiaomi.csv,2S_xiaomi.xlsx,"(474, 9)",460200003P1G,"Battery, Xiaomi Redmi 9",Battery,"Leverbaar, alleen uit voorraad",Original,25+,13.77,1,0
2S,2S_xiaomi.csv,2S_xiaomi.xlsx,"(474, 9)",46020000425D,"Battery, Xiaomi Redmi 9A_x000D_
",Battery,"Leverbaar, alleen uit voorraad",Original,11,17.21,1,0
2S,2S_xiaomi.csv,2S_xiaomi.xlsx,"(474, 9)",460200004Z5Z,"Battery, Xiaomi Mi 11",Battery,"Leverbaar, alleen uit voorraad",Original,1,23.4,1,0
2S,2S_xiaomi.csv,2S_xiaomi.xlsx,"(474, 9)",46020000521G,"Battery, Xiaomi Poco M3",Battery,"Leverbaar, alleen uit voorraad",Original,15,15.38,1,0
2S,2S_xiaomi.csv,2S_xiaomi.xlsx,"(474, 9)",460200005B5S,"Battery, Xiaomi Poco F3/Mi 11X Pro",Battery,"Leverbaar, alleen uit voorraad",Original,14,19.5,1,0
2S,2S_xiaomi.csv,2S_xiaomi.xlsx,"(474, 9)",46020000645Z,"Battery, Xiaomi Redmi Note 10/Note 10S",Battery,"Leverbaar, alleen uit voorraad",Original,5,21.0,1,0
2S,2S_xiaomi.csv,2S_xiaomi.xlsx,"(474, 9)",460200006L5Z,"Battery, Xiaomi Redmi Note 10 5G",Battery,"Leverbaar, alleen uit voorraad",Original,7,19.5,1,0
2S,2S_xiaomi.csv,2S_xiaomi.xlsx,"(474, 9)",46020000741Y,"Battery, Xiaomi Mi 11 Lite 4G/Mi 11 Lite 5G",Battery,"Leverbaar, alleen uit voorraad",Original,18,19.5,1,0
2S,2S_xiaomi.csv,2S_xiaomi.xlsx,"(474, 9)",460200007R1G,"Battery, Xiaomi Mi 11T Pro",Battery,"Leverbaar, alleen uit voorraad",Original,13,21.32,1,0
2S,2S_xiaomi.csv,2S_xiaomi.xlsx,"(474, 9)",460200009U1Y,"Battery, Xiaomi Redmi Note 11",Battery,"Leverbaar, alleen uit voorraad",Original,8,20.8,1,0
2S,2S_xiaomi.csv,2S_xiaomi.xlsx,"(474, 9)",46BM4FA02093,"Battery, Xiaomi Mi 9 Lite",Battery,"Leverbaar, alleen uit voorraad",Original,4,10.88,1,0
2S,2S_xiaomi.csv,2S_xiaomi.xlsx,"(474, 9)",46BM4FA04193,"Battery, Xiaomi Mi A3",Battery,"Leverbaar, alleen uit voorraad",Original,10,18.75,1,0
2S,2S_xiaomi.csv,2S_xiaomi.xlsx,"(474, 9)",46BN37W02093,"Battery, Xiaomi Redmi 6 / 6A",Battery,"Leverbaar, alleen uit voorraad",Original,3,15.8,1,0
2S,2S_xiaomi.csv,2S_xiaomi.xlsx,"(474, 9)",46BN45A03093,"Battery, Xiaomi Redmi Note 5",Battery,"Leverbaar, alleen uit voorraad",Original,25+,8.63,1,0
2S,2S_xiaomi.csv,2S_xiaomi.xlsx,"(474, 9)",46BN48G03014,"Battery, Xiaomi Redmi Note 6 Pro",Battery,"Leverbaar, alleen uit voorraad",Original,7,8.48,1,0
2S,2S_xiaomi.csv,2S_xiaomi.xlsx,"(474, 9)",47040000061D,"Charger - White/Gray, Xiaomi Mi Note 10 Lite / Redmi Note 9 Pro / Poco F2 Pro (EU) - MDY-11-EZ 33W_x000D_
",Oplader / AC-Adapter,"Leverbaar, alleen uit voorraad",Original,25+,7.53,1,0
2S,2S_xiaomi.csv,2S_xiaomi.xlsx,"(474, 9)",47040000081T,"Charger - White/Gray, Xiaomi Mi 10 Lite 5G / Redmi Note 9 / Redmi Note 9S(EU) - MDY-11-EP 22.5W_x000D_
",Oplader / AC-Adapter,"Leverbaar, alleen uit voorraad",Original,3,8.66,1,0
2S,2S_xiaomi.csv,2S_xiaomi.xlsx,"(474, 9)",470400000F5R,"Charger- White/Gray, Xiaomi Mi 11 (EU) -  MDY-12-EW-55W_x000D_
",Charger/AC-Adapter,"Leverbaar, alleen uit voorraad",Original,25+,13.07,1,0
2S,2S_xiaomi.csv,2S_xiaomi.xlsx,"(474, 9)",470400000P1D,"Charger - White/Gray, Xiaomi Redmi Note 10 Pro (EU) - MDY-11-EZ 33W",Oplader / AC-Adapter,"Leverbaar, alleen uit voorraad",Original,10,8.7,1,0
2S,2S_xiaomi.csv,2S_xiaomi.xlsx,"(474, 9)",470400000Z1D,"Charger - White/Gray, Xiaomi 12 (EU) - MDY-12-EH 67W - Youth Edition",Oplader / AC-Adapter,"Leverbaar, alleen uit voorraad",Original,25+,11.33,1,0
2S,2S_xiaomi.csv,2S_xiaomi.xlsx,"(474, 9)",471321X02012,"Charger - White/Gray, Xiaomi Redmi 9 (EU) - MDY-09-EW",Oplader / AC-Adapter,"Leverbaar, alleen uit voorraad",Original,2,5.34,1,0
2S,2S_xiaomi.csv,2S_xiaomi.xlsx,"(474, 9)",471351X02012,"Charger - White/Gray, Xiaomi Mi 9 / Mi 9 Lite / Mi 9SE / Mi 9T / Mi 9T Pro / Note 8 Pro(EU) - MDY-10-EF_x000D_
",Oplader / AC-Adapter,"Leverbaar, alleen uit voorraad",Original,5,7.0,1,0
2S,2S_xiaomi.csv,2S_xiaomi.xlsx,"(474, 9)",481088200057,"Power Key - Black, Xiaomi Mi 9SE",Button/Key,"Leverbaar, alleen uit voorraad",Original,5,0.25,1,0
2S,2S_xiaomi.csv,2S_xiaomi.xlsx,"(474, 9)",481088220057,"Power Key - Blue, Xiaomi Mi 9SE",Button/Key,"Leverbaar, alleen uit voorraad",Original,5,0.25,1,0
2S,2S_xiaomi.csv,2S_xiaomi.xlsx,"(474, 9)",481088320057,"Volume Key - Blue, Xiaomi Mi 9SE",Button/Key,"Leverbaar, alleen uit voorraad",Original,5,0.25,1,0
2S,2S_xiaomi.csv,2S_xiaomi.xlsx,"(474, 9)",4810887000A4,"Sim Tray - Black, Xiaomi Mi 9SE",Module SD SIM,"Leverbaar, alleen uit voorraad",Original,3,1.77,1,0
2S,2S_xiaomi.csv,2S_xiaomi.xlsx,"(474, 9)",481090900050,"Volume Key - Black, Xiaomi Mi 9T / Mi 9T Pro",Button/Key,"Leverbaar, alleen uit voorraad",Original,5,0.25,1,0
2S,2S_xiaomi.csv,2S_xiaomi.xlsx,"(474, 9)",481091500050,"Sim Tray - Gray, Xiaomi Mi 9T / Mi 9T Pro",Module SD SIM,"Leverbaar, alleen uit voorraad",Original,1,2.49,1,0
2S,2S_xiaomi.csv,2S_xiaomi.xlsx,"(474, 9)",481092800050,"Sim Tray - Black, Xiaomi Mi 9 Lite",Module SD SIM,"Leverbaar, alleen uit voorraad",Original,3,3.09,1,0
2S,2S_xiaomi.csv,2S_xiaomi.xlsx,"(474, 9)",481095800050,"Volume Key - Red, Xiaomi Mi 9T / Mi 9T Pro",Button/Key,"Leverbaar, alleen uit voorraad",Original,5,0.25,1,0
2S,2S_xiaomi.csv,2S_xiaomi.xlsx,"(474, 9)",481095900050,"Volume Key - Blue, Xiaomi Mi 9T / Mi 9T Pro",Button/Key,"Leverbaar, alleen uit voorraad",Original,4,0.25,1,0
2S,2S_xiaomi.csv,2S_xiaomi.xlsx,"(474, 9)",481096500050,"Sim Tray - Blue, Xiaomi Mi 9T / Mi 9T Pro",Module SD SIM,"Leverbaar, alleen uit voorraad",Original,2,2.49,1,0
2S,2S_xiaomi.csv,2S_xiaomi.xlsx,"(474, 9)",48110000683W,"Volume Key - Tarnish, Xiaomi Mi 11 Lite 4G/Mi 11 Lite 5G",Button/Key,"Leverbaar, alleen uit voorraad",Original,1,4.5,1,0
2S,2S_xiaomi.csv,2S_xiaomi.xlsx,"(474, 9)",481100006E3W,"Volume Key - Black, Xiaomi Poco F3/Mi 11X Pro",Button/Key,"Leverbaar, alleen uit voorraad",Original,1,4.5,1,0
2S,2S_xiaomi.csv,2S_xiaomi.xlsx,"(474, 9)",481100006F3W,"Volume Key - White, Xiaomi Poco F3/Mi 11X Pro",Button/Key,"Leverbaar, alleen uit voorraad",Original,1,4.5,1,0
2S,2S_xiaomi.csv,2S_xiaomi.xlsx,"(474, 9)",481100006H3W,"Volume Key - Blue, Xiaomi Poco F3/Mi 11X Pro",Button/Key,"Leverbaar, alleen uit voorraad",Original,1,4.5,1,0
2S,2S_xiaomi.csv,2S_xiaomi.xlsx,"(474, 9)",481100006N3W,"Volume Key - Pink, Xiaomi Mi 11 Lite 4G/Mi 11 Lite 5G",Button/Key,"Leverbaar, alleen uit voorraad",Original,1,4.5,1,0
2S,2S_xiaomi.csv,2S_xiaomi.xlsx,"(474, 9)",481100006R3W,"Volume Key - Blue, Xiaomi Mi 11 Lite 4G/Mi 11 Lite 5G",Button/Key,"Leverbaar, alleen uit voorraad",Original,1,4.5,1,0
2S,2S_xiaomi.csv,2S_xiaomi.xlsx,"(474, 9)",48110000EA9T,"Volume Key - Tarnish, Xiaomi Redmi Note 11",Button/Key,"Leverbaar, alleen uit voorraad",Original,4,4.0,1,0
2S,2S_xiaomi.csv,2S_xiaomi.xlsx,"(474, 9)",48110000EB9T,"Volume Key - Blue, Xiaomi Redmi Note 11",Button/Key,"Leverbaar, alleen uit voorraad",Original,1,4.0,1,0
2S,2S_xiaomi.csv,2S_xiaomi.xlsx,"(474, 9)",481905300050,"Sim Tray - Black, Xiaomi Redmi Note 8 Pro",Module SD SIM,"Leverbaar, alleen uit voorraad",Original,1,3.0,1,0
2S,2S_xiaomi.csv,2S_xiaomi.xlsx,"(474, 9)",481905320050,"Sim Tray - Green, Xiaomi Redmi Note 8 Pro",Module SD SIM,"Leverbaar, alleen uit voorraad",Original,1,3.0,1,0
2S,2S_xiaomi.csv,2S_xiaomi.xlsx,"(474, 9)",48200000013W,"Sim Tray - Silver, Xiaomi Redmi Note 8",Module SD SIM,"Leverbaar, alleen uit voorraad",Original,2,0.99,1,0
2S,2S_xiaomi.csv,2S_xiaomi.xlsx,"(474, 9)",48200000033W,"Sim Tray - Black, Xiaomi Mi Note 10 / Mi Note 10 Lite",Module SD SIM,"Leverbaar, alleen uit voorraad",Original,2,4.59,1,0
2S,2S_xiaomi.csv,2S_xiaomi.xlsx,"(474, 9)",48200000083W,"Sim Tray - Silver, Xiaomi Redmi Note 8 Pro",Module SD SIM,"Leverbaar, alleen uit voorraad",Original,3,3.0,1,0
2S,2S_xiaomi.csv,2S_xiaomi.xlsx,"(474, 9)",482000000C3W,"Sim Tray - Black, Xiaomi Redmi 8",Module SD SIM,"Leverbaar, alleen uit voorraad",Original,2,4.16,1,0
2S,2S_xiaomi.csv,2S_xiaomi.xlsx,"(474, 9)",48200000173W,"Sim Tray - Blue, Xiaomi Redmi Note 8 Pro",Module SD SIM,"Leverbaar, alleen uit voorraad",Original,9,0.25,1,0
2S,2S_xiaomi.csv,2S_xiaomi.xlsx,"(474, 9)",482000001Y3W,"Sim Tray - Black, Xiaomi Redmi Note 9 Pro / Note 9S",Module SD SIM,"Leverbaar, alleen uit voorraad",Original,1,4.5,1,0
2S,2S_xiaomi.csv,2S_xiaomi.xlsx,"(474, 9)",48200000263W,"Sim Tray - Black, Xiaomi Redmi Note 9",Module SD SIM,"Leverbaar, alleen uit voorraad",Original,2,5.0,1,0
2S,2S_xiaomi.csv,2S_xiaomi.xlsx,"(474, 9)",482000003B3W,"Sim Card Tray - Blue, Xiaomi Redmi 9",Button/Key,"Leverbaar, alleen uit voorraad",Original,2,4.59,1,0
2S,2S_xiaomi.csv,2S_xiaomi.xlsx,"(474, 9)",482000003H3W,"Sim Tray - White, Xiaomi Redmi Note 9",Module SD SIM,"Leverbaar, alleen uit voorraad",Original,2,4.29,1,0
2S,2S_xiaomi.csv,2S_xiaomi.xlsx,"(474, 9)",482000003I3W,"Sim Tray - Red, Xiaomi Redmi Note 9",Module SD SIM,"Leverbaar, alleen uit voorraad",Original,2,1.05,1,0
2S,2S_xiaomi.csv,2S_xiaomi.xlsx,"(474, 9)",482000004Z3W,"Sim Tray - Black, Xiaomi Mi 10T",Module SD SIM,"Leverbaar, alleen uit voorraad",,1,5.07,1,0
2S,2S_xiaomi.csv,2S_xiaomi.xlsx,"(474, 9)",48200000503W,"Sim Tray - Silver, Xiaomi Mi 10T",Module SD SIM,"Leverbaar, alleen uit voorraad",,2,5.07,1,0
2S,2S_xiaomi.csv,2S_xiaomi.xlsx,"(474, 9)",482000007G3W,"Sim Card Tray - Black, Xiaomi Mi 11 Lite 4G/Mi 11 Lite 5G",Button/Key,"Leverbaar, alleen uit voorraad",Original,4,4.08,1,0
2S,2S_xiaomi.csv,2S_xiaomi.xlsx,"(474, 9)",482000007S3W,"Sim Tray - Black, Xiaomi Mi 11i",Module SD SIM,"Leverbaar, alleen uit voorraad",,13,1.13,1,0
2S,2S_xiaomi.csv,2S_xiaomi.xlsx,"(474, 9)",482000007T3W,"Sim Card Tray - Silver, Xiaomi Poco F3/Mi 11X Pro",Button/Key,"Leverbaar, alleen uit voorraad",Original,1,5.0,1,0
2S,2S_xiaomi.csv,2S_xiaomi.xlsx,"(474, 9)",482000007V3W,"Sim Tray - Blue, Xiaomi Mi 11i",Module SD SIM,"Leverbaar, alleen uit voorraad",,6,1.04,1,0
2S,2S_xiaomi.csv,2S_xiaomi.xlsx,"(474, 9)",482000007Y3W,"Sim Card Tray - Tarnish, Xiaomi Redmi Note 10 Pro",Button/Key,"Leverbaar, alleen uit voorraad",Original,9,3.63,1,0
2S,2S_xiaomi.csv,2S_xiaomi.xlsx,"(474, 9)",482000007Z3W,"Sim Card Tray - Pink, Xiaomi Mi 11 Lite 4G",Button/Key,"Leverbaar, alleen uit voorraad",Original,5,3.81,1,0
2S,2S_xiaomi.csv,2S_xiaomi.xlsx,"(474, 9)",48200000883W,"Sim Tray - Golden, Xiaomi Redmi Note 10 Pro",Module SD SIM,"Leverbaar, alleen uit voorraad",,8,1.11,1,0
2S,2S_xiaomi.csv,2S_xiaomi.xlsx,"(474, 9)",482000008A3W,"Sim Card Tray - Blue, Xiaomi Mi 11 Lite 4G",Button/Key,"Leverbaar, alleen uit voorraad",Original,2,4.0,1,0
2S,2S_xiaomi.csv,2S_xiaomi.xlsx,"(474, 9)",482000008K3W,"Sim Card Tray - Blue, Xiaomi Redmi Note 10 Pro",Button/Key,"Leverbaar, alleen uit voorraad",Original,6,5.4,1,0
2S,2S_xiaomi.csv,2S_xiaomi.xlsx,"(474, 9)",482000008M2E,"Sim Card Tray - Green, Xiaomi Mi 11 Lite 5G",Button/Key,"Leverbaar, alleen uit voorraad",Original,6,1.36,1,0
2S,2S_xiaomi.csv,2S_xiaomi.xlsx,"(474, 9)",482000008N3W,"Sim Tray - Silver, Xiaomi Mi 11T Lite",Module SD SIM,"Leverbaar, alleen uit voorraad",,1,5.68,1,0
2S,2S_xiaomi.csv,2S_xiaomi.xlsx,"(474, 9)",482000008U9T,"Sim Card Tray - Blue, Xiaomi Redmi Note 10S",Button/Key,"Leverbaar, alleen uit voorraad",Original,4,4.17,1,0
2S,2S_xiaomi.csv,2S_xiaomi.xlsx,"(474, 9)",482000008X9X,"Sim Tray - Black, Xiaomi Redmi Note 10 5G",Module SD SIM,"Leverbaar, alleen uit voorraad",,1,2.88,1,0
2S,2S_xiaomi.csv,2S_xiaomi.xlsx,"(474, 9)",482000009L9X,"Sim Tray - White, Xiaomi Redmi Note 10 5G",Module SD SIM,"Leverbaar, alleen uit voorraad",,7,1.1,1,0
2S,2S_xiaomi.csv,2S_xiaomi.xlsx,"(474, 9)",482000009N9X,"Sim Tray - Blue, Xiaomi Redmi Note 10 5G",Module SD SIM,"Leverbaar, alleen uit voorraad",,7,1.12,1,0
2S,2S_xiaomi.csv,2S_xiaomi.xlsx,"(474, 9)",482000009Q9X,"Sim Tray - Green, Xiaomi Redmi Note 10 5G",Module SD SIM,"Leverbaar, alleen uit voorraad",,9,1.08,1,0
2S,2S_xiaomi.csv,2S_xiaomi.xlsx,"(474, 9)",48200000AT9T,"Sim Tray - Purple, Xiaomi Redmi Note 10S",Module SD SIM,"Leverbaar, alleen uit voorraad",,3,3.75,1,0
2S,2S_xiaomi.csv,2S_xiaomi.xlsx,"(474, 9)",48200000B53W,"Sim Tray - Purple, Xiaomi Redmi Note 10 Pro",Module SD SIM,"Leverbaar, alleen uit voorraad",,9,1.12,1,0
2S,2S_xiaomi.csv,2S_xiaomi.xlsx,"(474, 9)",48200000C42E,"Sim Card Tray - Tarnish, Xiaomi Mi 11T/Mi 11T Pro",Button/Key,"Leverbaar, alleen uit voorraad",Original,1,5.0,1,0
2S,2S_xiaomi.csv,2S_xiaomi.xlsx,"(474, 9)",48200000FW9T,"Sim Card Tray - Tarnish, Xiaomi Redmi Note 11",Button/Key,"Leverbaar, alleen uit voorraad",Original,1,4.0,1,0
2S,2S_xiaomi.csv,2S_xiaomi.xlsx,"(474, 9)",48200000GU9T,"Sim Card Tray - Blue, Xiaomi Redmi Note 11",Button/Key,"Leverbaar, alleen uit voorraad",Original,1,4.0,1,0
2S,2S_xiaomi.csv,2S_xiaomi.xlsx,"(474, 9)",48210000541A,"Speaker, Xiaomi Redmi Note 11",Audio/speaker,"Leverbaar, alleen uit voorraad",Original,1,9.0,1,0
2S,2S_xiaomi.csv,2S_xiaomi.xlsx,"(474, 9)",4830423000B3,"Power/Volume Flex Cable, Xiaomi Mi A3",Cable,"Leverbaar, alleen uit voorraad",Original,6,4.32,1,0
2S,2S_xiaomi.csv,2S_xiaomi.xlsx,"(474, 9)",483200000C2T,"Main Flex, Xiaomi Redmi Note 10 Lite",Cable,"Leverbaar, alleen uit voorraad",Original,5,1.5,1,0
2S,2S_xiaomi.csv,2S_xiaomi.xlsx,"(474, 9)",483200005X2T,"Main Flex, Xiaomi Mi 11",Cable,"Leverbaar, alleen uit voorraad",Original,2,7.5,1,0
2S,2S_xiaomi.csv,2S_xiaomi.xlsx,"(474, 9)",483200006X2T,"Main Flex, Xiaomi Poco F3/Mi 11X Pro",Cable,"Leverbaar, alleen uit voorraad",Original,3,1.92,1,0
2S,2S_xiaomi.csv,2S_xiaomi.xlsx,"(474, 9)",48320000706Q,"Main Flex, Xiaomi Mi 11 Lite 4G/Mi 11 Lite 5G",Cable,"Leverbaar, alleen uit voorraad",Original,2,2.94,1,0
2S,2S_xiaomi.csv,2S_xiaomi.xlsx,"(474, 9)",483200007A2T,"Power/Volume Flex, Xiaomi Mi 11 Lite 4G/Mi 11 Lite 5G",Cable,"Leverbaar, alleen uit voorraad",Original,3,6.0,1,0
2S,2S_xiaomi.csv,2S_xiaomi.xlsx,"(474, 9)",483200008J9X,"Power/Volume Flex, Xiaomi Redmi Note 10 5G",Cable,"Leverbaar, alleen uit voorraad",Original,2,1.14,1,0
2S,2S_xiaomi.csv,2S_xiaomi.xlsx,"(474, 9)",483200008P9T,"Main Flex, Xiaomi Redmi Note 10S",Cable,"Leverbaar, alleen uit voorraad",Original,3,8.0,1,0
2S,2S_xiaomi.csv,2S_xiaomi.xlsx,"(474, 9)",48320000ATHT,"Power/Volume Flex Cable, Xiaomi Mi 11T Pro",Cable,"Leverbaar, alleen uit voorraad",Original,1,7.0,1,0
2S,2S_xiaomi.csv,2S_xiaomi.xlsx,"(474, 9)",48320000D89T,"Main Flex, Xiaomi Redmi Note 11",Cable,"Leverbaar, alleen uit voorraad",Original,2,5.76,1,0
2S,2S_xiaomi.csv,2S_xiaomi.xlsx,"(474, 9)",484021000006,"Vibrator, Xiaomi Redmi Note 8 Pro",Buzzer/vibra,"Leverbaar, alleen uit voorraad",Original,2,3.0,1,0
2S,2S_xiaomi.csv,2S_xiaomi.xlsx,"(474, 9)",49010000445F,"Fingerprint Sensor - Silver, Xiaomi Poco F3/Mi 11X Pro",Fingerprint sensor,"Leverbaar, alleen uit voorraad",Original,3,9.32,1,0
2S,2S_xiaomi.csv,2S_xiaomi.xlsx,"(474, 9)",49010000455F,"Fingerprint Sensor - Black, Xiaomi Poco F3/Mi 11X Pro",Fingerprint sensor,"Leverbaar, alleen uit voorraad",Original,4,8.15,1,0
2S,2S_xiaomi.csv,2S_xiaomi.xlsx,"(474, 9)",49010000475F,"Fingerprint Sensor - Tarnish, Xiaomi Redmi Note 10 Pro",Fingerprint sensor,"Leverbaar, alleen uit voorraad",Original,7,7.58,1,0
2S,2S_xiaomi.csv,2S_xiaomi.xlsx,"(474, 9)",49010000485F,"Fingerprint Sensor - Blue, Xiaomi Redmi Note 10 Pro",Fingerprint sensor,"Leverbaar, alleen uit voorraad",Original,2,7.16,1,0
2S,2S_xiaomi.csv,2S_xiaomi.xlsx,"(474, 9)",49010000495F,"Fingerprint Sensor - Gold, Xiaomi Redmi Note 10 Pro",Fingerprint sensor,"Leverbaar, alleen uit voorraad",Original,2,8.04,1,0
2S,2S_xiaomi.csv,2S_xiaomi.xlsx,"(474, 9)",490100004P5F,"Fingerprint Sensor - Blue, Xiaomi Redmi Note 10S",Fingerprint sensor,"Leverbaar, alleen uit voorraad",Original,5,8.86,1,0
2S,2S_xiaomi.csv,2S_xiaomi.xlsx,"(474, 9)",490100004R5F,"Fingerprint Sensor - Blue, Xiaomi Poco F3/Mi 11X Pro",Fingerprint sensor,"Leverbaar, alleen uit voorraad",Original,2,9.32,1,0
2S,2S_xiaomi.csv,2S_xiaomi.xlsx,"(474, 9)",490100005G5M,"Fingerprint Module - Tarnish, Xiaomi Poco X3 GT",Fingerprint sensor,"Leverbaar, alleen uit voorraad",Original,2,6.06,1,0
2S,2S_xiaomi.csv,2S_xiaomi.xlsx,"(474, 9)",490100005N5F,"Fingerprint Sensor - Purple, Xiaomi Redmi Note 10 Pro",Fingerprint sensor,"Leverbaar, alleen uit voorraad",Original,4,9.22,1,0
2S,2S_xiaomi.csv,2S_xiaomi.xlsx,"(474, 9)",490100005Q5M,"Fingerprint Module - Blue, Xiaomi Poco X3 GT",Fingerprint sensor,"Leverbaar, alleen uit voorraad",Original,2,6.06,1,0
2S,2S_xiaomi.csv,2S_xiaomi.xlsx,"(474, 9)",490100005R5M,"Fingerprint Module - White, Xiaomi Poco X3 GT",Fingerprint sensor,"Leverbaar, alleen uit voorraad",Original,2,6.06,1,0
2S,2S_xiaomi.csv,2S_xiaomi.xlsx,"(474, 9)",490100006G5M,"Fingerprint Sensor - Silver, Xiaomi Mi 11T/Mi 11T Pro",Fingerprint sensor,"Leverbaar, alleen uit voorraad",Original,1,7.42,1,0
2S,2S_xiaomi.csv,2S_xiaomi.xlsx,"(474, 9)",490100006M5M,"Fingerprint Sensor - Tarnish, Xiaomi Mi 11T Pro",Fingerprint sensor,"Leverbaar, alleen uit voorraad",Original,1,7.42,1,0
2S,2S_xiaomi.csv,2S_xiaomi.xlsx,"(474, 9)",49010000916G,"Fingerprint Sensor - Tarnish, Xiaomi Redmi Note 11",Fingerprint sensor,"Leverbaar, alleen uit voorraad",Original,1,9.0,1,0
2S,2S_xiaomi.csv,2S_xiaomi.xlsx,"(474, 9)",490100009K6G,"Fingerprint Sensor - Blue Green, Xiaomi Redmi Note 11",Fingerprint sensor,"Leverbaar, alleen uit voorraad",Original,1,9.0,1,0
2S,2S_xiaomi.csv,2S_xiaomi.xlsx,"(474, 9)",490200000Z9X,"Fingerprint Sensor - Tarnish, Xiaomi Redmi Note 10 5G",Fingerprint sensor,"Leverbaar, alleen uit voorraad",Original,1,4.36,1,0
2S,2S_xiaomi.csv,2S_xiaomi.xlsx,"(474, 9)",49020000119X,"Fingerprint Sensor - White, Xiaomi Redmi Note 10 5G",Fingerprint sensor,"Leverbaar, alleen uit voorraad",Original,4,6.76,1,0
2S,2S_xiaomi.csv,2S_xiaomi.xlsx,"(474, 9)",49020000129X,"Fingerprint Sensor - Blue, Xiaomi Redmi Note 10 5G",Fingerprint sensor,"Leverbaar, alleen uit voorraad",Original,4,6.62,1,0
2S,2S_xiaomi.csv,2S_xiaomi.xlsx,"(474, 9)",49020000139X,"Fingerprint Sensor - Green, Xiaomi Redmi Note 10 5G",Fingerprint sensor,"Leverbaar, alleen uit voorraad",Original,4,5.32,1,0
2S,2S_xiaomi.csv,2S_xiaomi.xlsx,"(474, 9)",55040000289X,"Back Cover - Black, Xiaomi Redmi Note 10 5G",Housing,"Leverbaar, alleen uit voorraad",Original,1,16.82,1,0
2S,2S_xiaomi.csv,2S_xiaomi.xlsx,"(474, 9)",550400002S9X,"Back Cover - Blue, Xiaomi Redmi Note 10 5G",Housing,"Leverbaar, alleen uit voorraad",Original,2,16.82,1,0
2S,2S_xiaomi.csv,2S_xiaomi.xlsx,"(474, 9)",550500000Z6D,"Back cover - Red, Xiaomi Redmi 8",Housing,"Leverbaar, alleen uit voorraad",Original,1,25.88,1,0
2S,2S_xiaomi.csv,2S_xiaomi.xlsx,"(474, 9)",55050000146E,"Back cover - Blue, Xiaomi Redmi 8A",Housing,"Leverbaar, alleen uit voorraad",Original,2,7.3,1,0
2S,2S_xiaomi.csv,2S_xiaomi.xlsx,"(474, 9)",55050000166E,"Back cover - Black, Xiaomi Redmi 8A",Housing,"Leverbaar, alleen uit voorraad",Original,2,6.0,1,0
2S,2S_xiaomi.csv,2S_xiaomi.xlsx,"(474, 9)",550500001J6R,"Back cover - Black, Xiaomi Redmi Note 8",Housing,"Leverbaar, alleen uit voorraad",Original,25,9.14,1,0
2S,2S_xiaomi.csv,2S_xiaomi.xlsx,"(474, 9)",550500003N1Q,"Back cover - Black, Xiaomi Redmi Note 9S",Housing,"Leverbaar, alleen uit voorraad",Original,8,16.22,1,0
2S,2S_xiaomi.csv,2S_xiaomi.xlsx,"(474, 9)",550500005G1L,"Back cover - White, Xiaomi Redmi Note 9S",Housing,"Leverbaar, alleen uit voorraad",Original,2,20.7,1,0
2S,2S_xiaomi.csv,2S_xiaomi.xlsx,"(474, 9)",550500006T4J,"Back Cover - White, Xiaomi Note 10 Lite",Housing,"Leverbaar, alleen uit voorraad",Original,1,22.1,1,0
2S,2S_xiaomi.csv,2S_xiaomi.xlsx,"(474, 9)",55050000751Q,"Back cover - White, Xiaomi Redmi Note 9 Pro",Housing,"Leverbaar, alleen uit voorraad",Original,4,23.4,1,0
2S,2S_xiaomi.csv,2S_xiaomi.xlsx,"(474, 9)",55050000771Q,"Back cover - Interstellar Grey, Xiaomi Redmi Note 9 Pro",Housing,"Leverbaar, alleen uit voorraad",Original,10,23.4,1,0
2S,2S_xiaomi.csv,2S_xiaomi.xlsx,"(474, 9)",550500008F6D,"Back cover - Red, Xiaomi Redmi Note 9",Housing,"Leverbaar, alleen uit voorraad",Original,1,25.64,1,0
2S,2S_xiaomi.csv,2S_xiaomi.xlsx,"(474, 9)",550500008Z1L,"Back cover - White, Xiaomi Poco F2 Pro",Housing,"Leverbaar, alleen uit voorraad",Original,1,32.4,1,0
2S,2S_xiaomi.csv,2S_xiaomi.xlsx,"(474, 9)",55050000911L,"Back cover - Blue, Xiaomi Poco F2 Pro",Housing,"Leverbaar, alleen uit voorraad",Original,2,32.4,1,0
2S,2S_xiaomi.csv,2S_xiaomi.xlsx,"(474, 9)",550500009A6D,"Back cover - Green, Xiaomi Redmi Note 9",Housing,"Leverbaar, alleen uit voorraad",Original,3,18.0,1,0
2S,2S_xiaomi.csv,2S_xiaomi.xlsx,"(474, 9)",55050000AF6D,"Back cover - Black, Xiaomi Redmi Note 9",Housing,"Leverbaar, alleen uit voorraad",Original,4,21.0,1,0
2S,2S_xiaomi.csv,2S_xiaomi.xlsx,"(474, 9)",55050000CE2J,"Back cover - Ocean Green, Xiaomi Redmi 9",Housing,"Leverbaar, alleen uit voorraad",Original,2,13.5,1,0
2S,2S_xiaomi.csv,2S_xiaomi.xlsx,"(474, 9)",55050000EI5Z,"Back Cover - Blue, Xiaomi Redmi 9C",Housing,"Leverbaar, alleen uit voorraad",Original,2,13.5,1,0
2S,2S_xiaomi.csv,2S_xiaomi.xlsx,"(474, 9)",55050000ES2D,"Back Cover - Orange, Xiaomi Redmi 9C",Housing,"Leverbaar, alleen uit voorraad",Original,4,8.52,1,0
2S,2S_xiaomi.csv,2S_xiaomi.xlsx,"(474, 9)",55050000F7JI,"Back cover - Tarnish, Xiaomi Redmi 9A",Housing,"Leverbaar, alleen uit voorraad",,1,8.64,1,0
2S,2S_xiaomi.csv,2S_xiaomi.xlsx,"(474, 9)",55050000H46D,"Back cover - Blue, Xiaomi Poco X3_x000D_
",Housing,"Leverbaar, alleen uit voorraad",Manufacturer refurbished,2,9.14,1,0
2S,2S_xiaomi.csv,2S_xiaomi.xlsx,"(474, 9)",55050000JZ6D,"Back cover - Tarnish, Xiaomi Poco X3_x000D_
",Housing,"Leverbaar, alleen uit voorraad",Original,7,14.15,1,0
2S,2S_xiaomi.csv,2S_xiaomi.xlsx,"(474, 9)",55050000K4K1,"Back cover - Carbon Gray, Xiaomi Redmi 9",Housing,"Leverbaar, alleen uit voorraad",Original,5,12.99,1,0
2S,2S_xiaomi.csv,2S_xiaomi.xlsx,"(474, 9)",55050000L29X,"Back Cover - Tarnish, Xiaomi Poco M3",Housing,"Leverbaar, alleen uit voorraad",Original,2,20.82,1,0
2S,2S_xiaomi.csv,2S_xiaomi.xlsx,"(474, 9)",55050000L39X,"Back cover - Tarnish, Xiaomi Poco M3_x000D_
",Housing,"Leverbaar, alleen uit voorraad",Original,1,10.13,1,0
2S,2S_xiaomi.csv,2S_xiaomi.xlsx,"(474, 9)",55050000Q79X,"Back cover - Blue, Xiaomi Poco M3_x000D_
",Housing,"Leverbaar, alleen uit voorraad",Original,2,9.46,1,0
2S,2S_xiaomi.csv,2S_xiaomi.xlsx,"(474, 9)",55050000QL9X,"Back cover - Yellow, Xiaomi Poco M3_x000D_
",Housing,"Leverbaar, alleen uit voorraad",Original,2,9.12,1,0
2S,2S_xiaomi.csv,2S_xiaomi.xlsx,"(474, 9)",55050000QS4J,"Back Cover - Blue, Xiaomi Mi 11",Housing,"Leverbaar, alleen uit voorraad",Original,1,28.6,1,0
2S,2S_xiaomi.csv,2S_xiaomi.xlsx,"(474, 9)",55050000UN6D,"Back cover - Gold, Xiaomi Poco X3 Pro_x000D_
",Housing,"Leverbaar, alleen uit voorraad",,2,9.42,1,0
2S,2S_xiaomi.csv,2S_xiaomi.xlsx,"(474, 9)",55050000UU4J,"Back Cover - Blue, Xiaomi Redmi Note 10 Pro",Housing,"Leverbaar, alleen uit voorraad",Original,4,19.5,1,0
2S,2S_xiaomi.csv,2S_xiaomi.xlsx,"(474, 9)",55050000UY6D,"Back cover - Blue, Xiaomi Poco X3 Pro_x000D_
",Housing,"Leverbaar, alleen uit voorraad",,1,8.72,1,0
2S,2S_xiaomi.csv,2S_xiaomi.xlsx,"(474, 9)",55050000UZ6D,"Back cover - Tarnish, Xiaomi Poco X3 Pro_x000D_
",Housing,"Leverbaar, alleen uit voorraad",,3,9.68,1,0
2S,2S_xiaomi.csv,2S_xiaomi.xlsx,"(474, 9)",55050000VE9T,"Back Cover - Tarnish, Xiaomi Redmi Note 10",Housing,"Leverbaar, alleen uit voorraad",Original,3,13.5,1,0
2S,2S_xiaomi.csv,2S_xiaomi.xlsx,"(474, 9)",55050000VF9T,"Back Cover - Green, Xiaomi Redmi Note 10",Housing,"Leverbaar, alleen uit voorraad",Original,3,13.5,1,0
2S,2S_xiaomi.csv,2S_xiaomi.xlsx,"(474, 9)",55050000VH9T,"Back Cover - White, Xiaomi Redmi Note 10",Housing,"Leverbaar, alleen uit voorraad",Original,1,16.35,1,0
2S,2S_xiaomi.csv,2S_xiaomi.xlsx,"(474, 9)",55050000Z19T,"Back cover - Tarnish, Xiaomi Redmi Note 10S_x000D_
",Housing,"Leverbaar, alleen uit voorraad",,11,10.14,1,0
2S,2S_xiaomi.csv,2S_xiaomi.xlsx,"(474, 9)",55050000Z39T,"Back cover - White, Xiaomi Redmi Note 10S",Housing,"Leverbaar, alleen uit voorraad",,13,10.05,1,0
2S,2S_xiaomi.csv,2S_xiaomi.xlsx,"(474, 9)",55050000Z49T,"Back cover - Blue, Xiaomi Redmi Note 10S",Housing,"Leverbaar, alleen uit voorraad",,20,10.44,1,0
2S,2S_xiaomi.csv,2S_xiaomi.xlsx,"(474, 9)",550500011W1L,"Back cover - Pink, Xiaomi Mi 11 Lite 4G_x000D_
",Housing,"Leverbaar, alleen uit voorraad",,4,18.75,1,0
2S,2S_xiaomi.csv,2S_xiaomi.xlsx,"(474, 9)",550500012A9X,"Back cover - Tarnish, Xiaomi Redmi Note 10 5G",Housing,"Leverbaar, alleen uit voorraad",,25+,8.4,1,0
2S,2S_xiaomi.csv,2S_xiaomi.xlsx,"(474, 9)",550500012D9X,"Back Cover - White, Xiaomi Redmi Note 10 5G",Housing,"Leverbaar, alleen uit voorraad",Original,1,16.79,1,0
2S,2S_xiaomi.csv,2S_xiaomi.xlsx,"(474, 9)",550500012E9X,"Back cover - White, Xiaomi Redmi Note 10 5G",Housing,"Leverbaar, alleen uit voorraad",,1,13.02,1,0
2S,2S_xiaomi.csv,2S_xiaomi.xlsx,"(474, 9)",550500012G9X,"Back cover - Blue, Xiaomi Redmi Note 10 5G",Housing,"Leverbaar, alleen uit voorraad",,4,8.4,1,0
2S,2S_xiaomi.csv,2S_xiaomi.xlsx,"(474, 9)",550500012K9X,"Back Cover - Green, Xiaomi Redmi Note 10 5G",Housing,"Leverbaar, alleen uit voorraad",Original,2,15.0,1,0
2S,2S_xiaomi.csv,2S_xiaomi.xlsx,"(474, 9)",550500012L9X,"Back cover - Green, Xiaomi Redmi Note 10 5G",Housing,"Leverbaar, alleen uit voorraad",,1,8.51,1,0
2S,2S_xiaomi.csv,2S_xiaomi.xlsx,"(474, 9)",550500012N9X,"Back cover - Blue, Xiaomi Poco M3 Pro",Housing,"Leverbaar, alleen uit voorraad",,11,8.02,1,0
2S,2S_xiaomi.csv,2S_xiaomi.xlsx,"(474, 9)",55050001344J,"Back Cover - Purple, Xiaomi Redmi Note 10 Pro",Housing,"Leverbaar, alleen uit voorraad",Original,8,14.27,1,0
2S,2S_xiaomi.csv,2S_xiaomi.xlsx,"(474, 9)",550500013E9X,"Back cover - Black, Xiaomi Poco M3 Pro",Housing,"Leverbaar, alleen uit voorraad",,15,6.54,1,0
2S,2S_xiaomi.csv,2S_xiaomi.xlsx,"(474, 9)",550500013Z9X,"Back cover - Yellow, Xiaomi Poco M3 Pro",Housing,"Leverbaar, alleen uit voorraad",,6,9.6,1,0
2S,2S_xiaomi.csv,2S_xiaomi.xlsx,"(474, 9)",550500015E9T,"Back cover - Purple, Xiaomi Redmi Note 10S",Housing,"Leverbaar, alleen uit voorraad",,3,10.05,1,0
2S,2S_xiaomi.csv,2S_xiaomi.xlsx,"(474, 9)",550500015Y6D,"Back cover - Tarnish, Xiaomi Poco X3 GT",Housing,"Leverbaar, alleen uit voorraad",Original,3,7.8,1,0
2S,2S_xiaomi.csv,2S_xiaomi.xlsx,"(474, 9)",550500015Z6D,"Back cover - Blue, Xiaomi Poco X3 GT",Housing,"Leverbaar, alleen uit voorraad",Original,2,7.82,1,0
2S,2S_xiaomi.csv,2S_xiaomi.xlsx,"(474, 9)",55050001616D,"Back cover - White, Xiaomi Poco X3 GT",Housing,"Leverbaar, alleen uit voorraad",Original,3,7.58,1,0
2S,2S_xiaomi.csv,2S_xiaomi.xlsx,"(474, 9)",550500017Y4J,"Back cover - White, Xiaomi 11 Lite 5G NE",Housing,"Leverbaar, alleen uit voorraad",,1,19.5,1,0
2S,2S_xiaomi.csv,2S_xiaomi.xlsx,"(474, 9)",55050001AV1L,"Back cover - Pink, Xiaomi 11 Lite 5G NE",Housing,"Leverbaar, alleen uit voorraad",,1,16.65,1,0
2S,2S_xiaomi.csv,2S_xiaomi.xlsx,"(474, 9)",55050001AX1L,"Back cover - Light Blue, Xiaomi 11 Lite 5G NE",Housing,"Leverbaar, alleen uit voorraad",,4,15.24,1,0
2S,2S_xiaomi.csv,2S_xiaomi.xlsx,"(474, 9)",55050001H34J,"Back cover - Green, Xiaomi 11 Lite 5G NE",Housing,"Leverbaar, alleen uit voorraad",Original,1,19.5,1,0
2S,2S_xiaomi.csv,2S_xiaomi.xlsx,"(474, 9)",55050001K99X,"Back Cover - Tarnish, Xiaomi Redmi 10 (2022)",Housing,"Leverbaar, alleen uit voorraad",Original,5,9.02,1,0
2S,2S_xiaomi.csv,2S_xiaomi.xlsx,"(474, 9)",55050001U09T,"Back cover - White, Xiaomi Redmi Note 11S",Housing,"Leverbaar, alleen uit voorraad",Original,2,21.0,1,0
2S,2S_xiaomi.csv,2S_xiaomi.xlsx,"(474, 9)",55050001UU9T,"Back cover - Blue, Xiaomi Redmi Note 11S",Housing,"Leverbaar, alleen uit voorraad",Original,3,16.5,1,0
2S,2S_xiaomi.csv,2S_xiaomi.xlsx,"(474, 9)",55050001VW9T,"Back cover - Blue/Green, Xiaomi Redmi Note 11",Housing,"Leverbaar, alleen uit voorraad",Original,5,7.64,1,0
2S,2S_xiaomi.csv,2S_xiaomi.xlsx,"(474, 9)",55050001ZJ1L,"Back cover - Black, Xiaomi 12 Lite",Housing,"Leverbaar, alleen uit voorraad",Original,1,36.0,1,0
2S,2S_xiaomi.csv,2S_xiaomi.xlsx,"(474, 9)",554043900110,"Back cover - Black, Xiaomi Mi 9SE",Housing,"Leverbaar, alleen uit voorraad",Original,3,20.8,1,0
2S,2S_xiaomi.csv,2S_xiaomi.xlsx,"(474, 9)",5540440000A7,"Back cover - Black, Xiaomi Mi 9",Housing,"Leverbaar, alleen uit voorraad",Original,9,26.0,1,0
2S,2S_xiaomi.csv,2S_xiaomi.xlsx,"(474, 9)",5540446000A7,"Back cover - Blue, Xiaomi Mi 9",Housing,"Leverbaar, alleen uit voorraad",Original,3,32.4,1,0
2S,2S_xiaomi.csv,2S_xiaomi.xlsx,"(474, 9)",5540449000A7,"Back cover - Purple, Xiaomi Mi 9",Housing,"Leverbaar, alleen uit voorraad",Original,2,28.7,1,0
2S,2S_xiaomi.csv,2S_xiaomi.xlsx,"(474, 9)",5540453000A7,"Back cover- Black, Redmi Note 7",Housing,"Leverbaar, alleen uit voorraad",Original,5,11.07,1,0
2S,2S_xiaomi.csv,2S_xiaomi.xlsx,"(474, 9)",5540463000A7,"Back cover - Black, Xiaomi Mi 9T / 9T Pro",Housing,"Leverbaar, alleen uit voorraad",Original,8,19.5,1,0
2S,2S_xiaomi.csv,2S_xiaomi.xlsx,"(474, 9)",554047111010,"Back cover - Blue, Xiaomi Mi 9 Lite",Housing,"Leverbaar, alleen uit voorraad",Original,1,22.4,1,0
2S,2S_xiaomi.csv,2S_xiaomi.xlsx,"(474, 9)",554047122010,"Back cover - White, Xiaomi Mi 9 Lite",Housing,"Leverbaar, alleen uit voorraad",Original,3,20.76,1,0
2S,2S_xiaomi.csv,2S_xiaomi.xlsx,"(474, 9)",5540506000A7,"Back cover - White, Xiaomi Mi A3",Housing,"Leverbaar, alleen uit voorraad",Original,2,24.7,1,0
2S,2S_xiaomi.csv,2S_xiaomi.xlsx,"(474, 9)",5540511000A7,"Back cover - Blue, Xiaomi Mi A3",Housing,"Leverbaar, alleen uit voorraad",Original,4,14.85,1,0
2S,2S_xiaomi.csv,2S_xiaomi.xlsx,"(474, 9)",56000100F400,"LCD Touchscreen - Green, Xiaomi Mi Note 10",Display,"Leverbaar, alleen uit voorraad",Original,13,89.07,1,5
2S,2S_xiaomi.csv,2S_xiaomi.xlsx,"(474, 9)",5600010F1100,"LCD Touchscreen - White, Xiaomi Mi 9T / 9T Pro",Display,"Leverbaar, alleen uit voorraad",Original,5,110.0,1,1
2S,2S_xiaomi.csv,2S_xiaomi.xlsx,"(474, 9)",5600010K6T00,"LCD Touchscreen - Black, Xiaomi Redmi Note 11 Pro 5G",Display,"Leverbaar, alleen uit voorraad",Original,25+,69.08,1,25
2S,2S_xiaomi.csv,2S_xiaomi.xlsx,"(474, 9)",5600010K7S00,"LCD Touchscreen - Black, Xiaomi Redmi Note 11S",Display,"Leverbaar, alleen uit voorraad",Original,4,81.73,1,1
2S,2S_xiaomi.csv,2S_xiaomi.xlsx,"(474, 9)",5600010K7T00,"LCD Touchscreen - Black, Xiaomi Redmi Note 11",Display,"Leverbaar, alleen uit voorraad",Original,12,78.2,1,5
2S,2S_xiaomi.csv,2S_xiaomi.xlsx,"(474, 9)",5600010L1600,"LCD Touchscreen - Black, for model Xiaomi Poco X4 GT",Display,"Leverbaar, alleen uit voorraad",Original,1,54.0,1,1
2S,2S_xiaomi.csv,2S_xiaomi.xlsx,"(474, 9)",560001C3L200,"LCD Touchscreen - Black, Xiaomi Redmi 10A",Display,"Leverbaar, alleen uit voorraad",,5,38.88,1,1
2S,2S_xiaomi.csv,2S_xiaomi.xlsx,"(474, 9)",560001C3LV00,"LCD Touchscreen - Black, Xiaomi Redmi 9AT",Display,"Leverbaar, alleen uit voorraad",Original,25+,27.94,1,25
2S,2S_xiaomi.csv,2S_xiaomi.xlsx,"(474, 9)",560001C3QA00,"LCD Touchscreen - Black, for model Xiaomi Redmi 10C",Display,"Leverbaar, alleen uit voorraad",Original,2,37.2,1,1
2S,2S_xiaomi.csv,2S_xiaomi.xlsx,"(474, 9)",560001J19S00,"LCD Touchscreen - Black, Xiaomi Redmi 9T_x000D_
",Display,"Leverbaar, alleen uit voorraad",Original,13,31.64,1,5
2S,2S_xiaomi.csv,2S_xiaomi.xlsx,"(474, 9)",560001K16A00,"LCD Touchscreen - Black, Xiaomi Poco M4 Pro 5G",Display,"Leverbaar, alleen uit voorraad",,11,42.0,1,5
2S,2S_xiaomi.csv,2S_xiaomi.xlsx,"(474, 9)",560001K16B00,"LCD Touchscreen - Black, Xiaomi Redmi Note 11S 5G",Display,"Leverbaar, alleen uit voorraad",,1,63.25,1,1
2S,2S_xiaomi.csv,2S_xiaomi.xlsx,"(474, 9)",560001K16U00,"LCD Touchscreen - Black, Xiaomi Redmi Note 11 Pro+ 5G",Display,"Leverbaar, alleen uit voorraad",,2,90.2,1,1
2S,2S_xiaomi.csv,2S_xiaomi.xlsx,"(474, 9)",560001K19S00,"LCD Touchscreen - Black, Xiaomi Redmi 10 (2022)",Display,"Leverbaar, alleen uit voorraad",Original,2,42.37,1,1
2S,2S_xiaomi.csv,2S_xiaomi.xlsx,"(474, 9)",560001L19C00,"LCD Touchscreen - Black, for model Xiaomi Poco M5",Display,"Leverbaar, alleen uit voorraad",Original,2,48.0,1,1
2S,2S_xiaomi.csv,2S_xiaomi.xlsx,"(474, 9)",56000200F400,"LCD Touchscreen - White, Xiaomi Mi Note 10 ",Display,"Leverbaar, alleen uit voorraad",Original,3,96.31,1,1
2S,2S_xiaomi.csv,2S_xiaomi.xlsx,"(474, 9)",56000200K600,"LCD Touchscreen - Tarnish, Xiaomi Redmi Note 10 Pro_x000D_
",Display,"Leverbaar, alleen uit voorraad",Original,25+,78.6,1,100
2S,2S_xiaomi.csv,2S_xiaomi.xlsx,"(474, 9)",5600020C3X00,"LCD Touchscreen - White, Redmi Note 8T",Display,"Leverbaar, alleen uit voorraad",Original,14,38.93,1,5
2S,2S_xiaomi.csv,2S_xiaomi.xlsx,"(474, 9)",5600020F4L00,"LCD Touchscreen - Purple, Xiaomi Mi Note 10 Lite",Display,"Leverbaar, alleen uit voorraad",Original,2,136.38,1,1
2S,2S_xiaomi.csv,2S_xiaomi.xlsx,"(474, 9)",5600020K7B00,"LCD Touchscreen - Black, Xiaomi Redmi Note 10S_x000D_
",Display,"Leverbaar, alleen uit voorraad",Original,25+,68.69,1,50
2S,2S_xiaomi.csv,2S_xiaomi.xlsx,"(474, 9)",560002J19C00,"LCD Touchscreen - Black, Xiaomi Poco M3_x000D_
",Display,"Leverbaar, alleen uit voorraad",Original,3,36.0,1,1
2S,2S_xiaomi.csv,2S_xiaomi.xlsx,"(474, 9)",560002J20C00,"LCD Touchscreen - Blue, Xiaomi Poco X3_x000D_
",Display,"Leverbaar, alleen uit voorraad",Original,4,51.19,1,1
2S,2S_xiaomi.csv,2S_xiaomi.xlsx,"(474, 9)",560002J20S00,"LCD Touchscreen - Tarnish, Xiaomi Poco X3 Pro_x000D_
",Display,"Leverbaar, alleen uit voorraad",Original,25+,50.15,1,10
2S,2S_xiaomi.csv,2S_xiaomi.xlsx,"(474, 9)",560002J6A100,"LCD Touchscreen - White, Xiaomi Redmi Note 9S",Display,"Leverbaar, alleen uit voorraad",Original,8,45.19,1,2
2S,2S_xiaomi.csv,2S_xiaomi.xlsx,"(474, 9)",560002J6B200,"LCD Touchscreen - White, Xiaomi Redmi Note 9 Pro",Display,"Leverbaar, alleen uit voorraad",Original,4,51.6,1,1
2S,2S_xiaomi.csv,2S_xiaomi.xlsx,"(474, 9)",560002K19A00,"LCD Touchscreen - Tarnish, Xiaomi Redmi 10 (2021)_x000D_
",Display,"Leverbaar, alleen uit voorraad",Original,25+,41.6,1,25
2S,2S_xiaomi.csv,2S_xiaomi.xlsx,"(474, 9)",560002K19P00,"LCD Touchscreen - Tarnish, Xiaomi Poco M3 Pro 5G_x000D_
",Display,"Leverbaar, alleen uit voorraad",Original,2,39.6,1,1
2S,2S_xiaomi.csv,2S_xiaomi.xlsx,"(474, 9)",56000300F400,"LCD Touchscreen - Black, Xiaomi Mi Note 10 ",Display,"Leverbaar, alleen uit voorraad",Original,3,109.26,1,1
2S,2S_xiaomi.csv,2S_xiaomi.xlsx,"(474, 9)",56000300G700,"LCD Touchscreen - White, Xiaomi Redmi Note 8 Pro",Display,"Leverbaar, alleen uit voorraad",Original,23,46.13,1,5
2S,2S_xiaomi.csv,2S_xiaomi.xlsx,"(474, 9)",56000300J900,"LCD Touchscreen - Blue, Xiaomi Mi 10 Lite 5G",Display,"Leverbaar, alleen uit voorraad",Original,2,67.85,1,1
2S,2S_xiaomi.csv,2S_xiaomi.xlsx,"(474, 9)",56000300K100,"LCD Touchscreen - Black, Xiaomi Mi 11 Ultra_x000D_
",Display,"Leverbaar, alleen uit voorraad",Original,3,255.09,1,1
2S,2S_xiaomi.csv,2S_xiaomi.xlsx,"(474, 9)",56000300L200,"LCD Touchscreen - Black, Xiaomi 12 Pro",Display,"Leverbaar, alleen uit voorraad",Original,8,194.95,1,2
2S,2S_xiaomi.csv,2S_xiaomi.xlsx,"(474, 9)",56000300L300,"LCD Touchscreen - Black, Xiaomi 12 (2022)",Display,"Leverbaar, alleen uit voorraad",Original,25+,117.0,1,10
2S,2S_xiaomi.csv,2S_xiaomi.xlsx,"(474, 9)",56000300L900,"LCD Touchscreen - Black, Xiaomi 12 Lite_x000D_
",Display,"Leverbaar, alleen uit voorraad",Original,25+,81.88,1,10
2S,2S_xiaomi.csv,2S_xiaomi.xlsx,"(474, 9)",5600030C3J00,"LCD Touchscreen - Blue, Xiaomi Redmi Note 8 ",Display,"Leverbaar, alleen uit voorraad",Original,25+,37.07,1,25
2S,2S_xiaomi.csv,2S_xiaomi.xlsx,"(474, 9)",5600030C3K00,"LCD Touchscreen - Black, Xiaomi Redmi 8A / 8A Pro",Display,"Leverbaar, alleen uit voorraad",Original,25+,30.3,1,10
2S,2S_xiaomi.csv,2S_xiaomi.xlsx,"(474, 9)",5600030C3X00,"LCD Touchscreen - Blue, Redmi Note 8T ",Display,"Leverbaar, alleen uit voorraad",Original,25+,38.16,1,10
2S,2S_xiaomi.csv,2S_xiaomi.xlsx,"(474, 9)",5600030F4L00,"LCD Touchscreen - White, Xiaomi Mi Note 10 Lite",Display,"Leverbaar, alleen uit voorraad",Original,1,161.59,1,1
2S,2S_xiaomi.csv,2S_xiaomi.xlsx,"(474, 9)",5600030J1700,"LCD Touchscreen - Blue, Xiaomi Mi 10T Lite 5G_x000D_
",Display,"Leverbaar, alleen uit voorraad",Original,5,72.45,1,1
2S,2S_xiaomi.csv,2S_xiaomi.xlsx,"(474, 9)",5600030J2200,"LCD Touchscreen - Black, Xiaomi Redmi Note 9T_x000D_
",Display,"Leverbaar, alleen uit voorraad",Original,3,42.12,1,1
2S,2S_xiaomi.csv,2S_xiaomi.xlsx,"(474, 9)",5600030J3S00,"LCD Touchscreen - Black, Xiaomi Mi 10T / 10T Pro_x000D_
",Display,"Leverbaar, alleen uit voorraad",Original,25+,67.51,1,25
2S,2S_xiaomi.csv,2S_xiaomi.xlsx,"(474, 9)",5600030K1100,"LCD Touchscreen  Black, Xiaomi Mi 11X Pro & Xiaomi Mi 11i ",Display,"Leverbaar, alleen uit voorraad",Original,25+,83.75,1,50
2S,2S_xiaomi.csv,2S_xiaomi.xlsx,"(474, 9)",5600030K3S00,"LCD Touchscreen - Black, Xiaomi 11T Pro",Display,"Leverbaar, alleen uit voorraad",,25+,78.86,1,25
2S,2S_xiaomi.csv,2S_xiaomi.xlsx,"(474, 9)",5600030K9D00,"LCD Touchscreen - Black, Xiaomi 11 Lite 5G NE",Display,"Leverbaar, alleen uit voorraad",,25+,95.34,1,10
2S,2S_xiaomi.csv,2S_xiaomi.xlsx,"(474, 9)",5600030L3A00,"LCD Touchscreen - Black, Xiaomi 12X 5G",Display,"Leverbaar, alleen uit voorraad",Original,6,94.27,1,2
2S,2S_xiaomi.csv,2S_xiaomi.xlsx,"(474, 9)",560003J15S00,"LCD Touchscreen - Black, Xiaomi Redmi Note 9",Display,"Leverbaar, alleen uit voorraad",Original,5,42.0,1,1
2S,2S_xiaomi.csv,2S_xiaomi.xlsx,"(474, 9)",560003J20C00,"LCD Touchscreen - Tarnish, Xiaomi Poco X3_x000D_
",Display,"Leverbaar, alleen uit voorraad",Original,4,46.8,1,1
2S,2S_xiaomi.csv,2S_xiaomi.xlsx,"(474, 9)",560003J20S00,"LCD Touchscreen - Blue, Xiaomi Poco X3 Pro_x000D_
",Display,"Leverbaar, alleen uit voorraad",Original,4,49.04,1,1
2S,2S_xiaomi.csv,2S_xiaomi.xlsx,"(474, 9)",560003J6A100,"LCD Touchscreen - Blue, Xiaomi Redmi Note 9S",Display,"Leverbaar, alleen uit voorraad",Original,3,52.4,1,1
2S,2S_xiaomi.csv,2S_xiaomi.xlsx,"(474, 9)",560003J6B200,"LCD Touchscreen - Gray, Xiaomi Redmi Note 9 Pro",Display,"Leverbaar, alleen uit voorraad",Original,13,47.23,1,5
2S,2S_xiaomi.csv,2S_xiaomi.xlsx,"(474, 9)",560003K10A00,"LCD Touchscreen - Black, Xiaomi Poco X3 GT",Display,"Leverbaar, alleen uit voorraad",,3,45.44,1,1
2S,2S_xiaomi.csv,2S_xiaomi.xlsx,"(474, 9)",560003K11A00,"LCD Touchscreen - Black, Xiaomi Poco F3_x000D_
",Display,"Leverbaar, alleen uit voorraad",Original,1,82.75,1,1
2S,2S_xiaomi.csv,2S_xiaomi.xlsx,"(474, 9)",560003K11R00,"LCD Touchscreen - Silver, Xiaomi 11T",Display,"Leverbaar, alleen uit voorraad",,25+,75.28,1,10
2S,2S_xiaomi.csv,2S_xiaomi.xlsx,"(474, 9)",56000400G700,"LCD Touchscreen - Green, Xiaomi Redmi Note 8 Pro",Display,"Leverbaar, alleen uit voorraad",Original,25+,48.42,1,25
2S,2S_xiaomi.csv,2S_xiaomi.xlsx,"(474, 9)",56000400J100,"LCD Touchscreen - Gray, Xiaomi Mi 10 Pro Version ""S""",Display,"Leverbaar, alleen uit voorraad",Original,23,126.02,1,5
2S,2S_xiaomi.csv,2S_xiaomi.xlsx,"(474, 9)",56000400J900,"LCD Touchscreen - Tarnish, Xiaomi Mi 10 Lite 5G",Display,"Leverbaar, alleen uit voorraad",Original,10,67.85,1,2
2S,2S_xiaomi.csv,2S_xiaomi.xlsx,"(474, 9)",56000400L200,"LCD Touchscreen - Purple, Xiaomi 12 Pro",Display,"Leverbaar, alleen uit voorraad",Original,5,210.57,1,1
2S,2S_xiaomi.csv,2S_xiaomi.xlsx,"(474, 9)",56000400L300,"LCD Touchscreen - Blue, Xiaomi 12 (2022)_x000D_
",Display,"Leverbaar, alleen uit voorraad",,1,123.04,1,1
2S,2S_xiaomi.csv,2S_xiaomi.xlsx,"(474, 9)",5600040C3I00,"LCD Touchscreen - Black, Xiaomi Redmi 8 ",Display,"Leverbaar, alleen uit voorraad",Original,25+,28.54,1,10
2S,2S_xiaomi.csv,2S_xiaomi.xlsx,"(474, 9)",5600040C3J00,"LCD Touchscreen - White, Xiaomi Redmi Note 8",Display,"Leverbaar, alleen uit voorraad",Original,25+,37.12,1,10
2S,2S_xiaomi.csv,2S_xiaomi.xlsx,"(474, 9)",5600040C3X00,"LCD Touchscreen - Tarnish/Black, Redmi Note 8T",Display,"Leverbaar, alleen uit voorraad",Original,25+,38.74,1,25
2S,2S_xiaomi.csv,2S_xiaomi.xlsx,"(474, 9)",5600040J1700,"LCD Touchscreen - Tarnish, Xiaomi Mi 10T Lite 5G_x000D_
",Display,"Leverbaar, alleen uit voorraad",Original,25+,50.39,1,25
2S,2S_xiaomi.csv,2S_xiaomi.xlsx,"(474, 9)",5600040J3S00,"LCD Touchscreen - Silver, Xiaomi Mi 10T / 10T Pro_x000D_
",Display,"Leverbaar, alleen uit voorraad",Original,25+,68.66,1,50
2S,2S_xiaomi.csv,2S_xiaomi.xlsx,"(474, 9)",5600040K1100,"LCD Touchscreen  Blue, Xiaomi Mi 11X Pro & Xiaomi Mi 11i ",Display,"Leverbaar, alleen uit voorraad",Original,4,81.08,1,1
2S,2S_xiaomi.csv,2S_xiaomi.xlsx,"(474, 9)",5600040K9D00,"LCD Touchscreen - Silver/White, Xiaomi 11 Lite 5G",Display,"Leverbaar, alleen uit voorraad",,25+,92.63,1,10
2S,2S_xiaomi.csv,2S_xiaomi.xlsx,"(474, 9)",5600040L3A00,"LCD Touchscreen - Blue, Xiaomi 12X 5G",Display,"Leverbaar, alleen uit voorraad",Original,5,106.36,1,1
2S,2S_xiaomi.csv,2S_xiaomi.xlsx,"(474, 9)",560004J19C00,"Lower Speaker, Xiaomi Poco M3",Audio/speaker,"Leverbaar, alleen uit voorraad",Original,2,8.0,1,0
2S,2S_xiaomi.csv,2S_xiaomi.xlsx,"(474, 9)",560004J20S00,"LCD Touchscreen - Gold, Xiaomi Poco X3 Pro_x000D_
",Display,"Leverbaar, alleen uit voorraad",Original,3,52.86,1,1
2S,2S_xiaomi.csv,2S_xiaomi.xlsx,"(474, 9)",560004J6A100,"LCD Touchscreen - Gray, Xiaomi Redmi Note 9S",Display,"Leverbaar, alleen uit voorraad",Original,8,45.19,1,2
2S,2S_xiaomi.csv,2S_xiaomi.xlsx,"(474, 9)",560004J6B200,"LCD Touchscreen - Green, Xiaomi Redmi Note 9 Pro",Display,"Leverbaar, alleen uit voorraad",Original,1,57.5,1,1
2S,2S_xiaomi.csv,2S_xiaomi.xlsx,"(474, 9)",560004K11A00,"LCD Touchscreen - Blue, Xiaomi Poco F3_x000D_
",Display,"Leverbaar, alleen uit voorraad",,6,78.58,1,2
2S,2S_xiaomi.csv,2S_xiaomi.xlsx,"(474, 9)",560004K11R00,"LCD Touchscreen - Tarnish, Xiaomi 11T",Display,"Leverbaar, alleen uit voorraad",,2,83.95,1,1
2S,2S_xiaomi.csv,2S_xiaomi.xlsx,"(474, 9)",56000500G700,"LCD Touchscreen - Tarnish/Black, Xiaomi Redmi Note 8 Pro",Display,"Leverbaar, alleen uit voorraad",Original,25+,48.29,1,50
2S,2S_xiaomi.csv,2S_xiaomi.xlsx,"(474, 9)",56000500J100,"LCD Touchscreen - White, Xiaomi Mi 10 Pro",Display,"Leverbaar, alleen uit voorraad",Original,7,129.25,1,2
2S,2S_xiaomi.csv,2S_xiaomi.xlsx,"(474, 9)",56000500J200,"LCD Touchscreen - Gray, Xiaomi Mi 10 Version ""S""",Display,"Leverbaar, alleen uit voorraad",Original,2,202.4,1,1
2S,2S_xiaomi.csv,2S_xiaomi.xlsx,"(474, 9)",56000500J900,"LCD Touchscreen - White, Xiaomi Mi 10 Lite 5G",Display,"Leverbaar, alleen uit voorraad",Original,3,68.23,1,1
2S,2S_xiaomi.csv,2S_xiaomi.xlsx,"(474, 9)",56000500K200,"LCD Touchscreen - Blue, Xiaomi Mi 11_x000D_
",Display,"Leverbaar, alleen uit voorraad",Original,1,191.4,1,1
2S,2S_xiaomi.csv,2S_xiaomi.xlsx,"(474, 9)",56000500L200,"LCD Touchscreen - Violet Gold, Xiaomi 12 Pro",Display,"Leverbaar, alleen uit voorraad",Original,3,220.0,1,1
2S,2S_xiaomi.csv,2S_xiaomi.xlsx,"(474, 9)",56000500L300,"LCD Touchscreen - Purple, Xiaomi 12 (2022)_x000D_
",Display,"Leverbaar, alleen uit voorraad",,2,113.58,1,1
2S,2S_xiaomi.csv,2S_xiaomi.xlsx,"(474, 9)",5600050C3J00,"LCD Touchscreen - Black, Xiaomi Redmi Note 8 ",Display,"Leverbaar, alleen uit voorraad",Original,25+,37.3,1,25
2S,2S_xiaomi.csv,2S_xiaomi.xlsx,"(474, 9)",5600050J1700,"LCD Touchscreen - Gold, Xiaomi Mi 10T Lite 5G_x000D_
",Display,"Leverbaar, alleen uit voorraad",,10,51.07,1,2
2S,2S_xiaomi.csv,2S_xiaomi.xlsx,"(474, 9)",5600050J1900,"LCD Touchscreen - Black, Xiaomi Redmi 9",Display,"Leverbaar, alleen uit voorraad",Original,6,45.98,1,2
2S,2S_xiaomi.csv,2S_xiaomi.xlsx,"(474, 9)",5600050K1100,"LCD Touchscreen - White, Xiaomi Mi 11X Pro / Mi 11i_x000D_
",Display,"Leverbaar, alleen uit voorraad",Original,3,79.35,1,1
2S,2S_xiaomi.csv,2S_xiaomi.xlsx,"(474, 9)",5600050K9D00,"LCD Touchscreen - Blue, Xiaomi 11 Lite 5G NE",Display,"Leverbaar, alleen uit voorraad",,7,92.63,1,2
2S,2S_xiaomi.csv,2S_xiaomi.xlsx,"(474, 9)",5600050L3A00,"LCD Touchscreen - Purple, Xiaomi 12X 5G",Display,"Leverbaar, alleen uit voorraad",Original,1,107.8,1,1
2S,2S_xiaomi.csv,2S_xiaomi.xlsx,"(474, 9)",560005J6B200,"LCD Touchscreen - Blue, Xiaomi Redmi Note 9 Pro",Display,"Leverbaar, alleen uit voorraad",Original,25+,47.06,1,25
2S,2S_xiaomi.csv,2S_xiaomi.xlsx,"(474, 9)",560005K11A00,"LCD Touchscreen - White, Xiaomi Poco F3_x000D_
",Display,"Leverbaar, alleen uit voorraad",Original,5,75.9,1,1
2S,2S_xiaomi.csv,2S_xiaomi.xlsx,"(474, 9)",56000600J200,"LCD Touchscreen - Green, Xiaomi Mi 10 ",Display,"Leverbaar, alleen uit voorraad",Original,1,137.5,1,1
2S,2S_xiaomi.csv,2S_xiaomi.xlsx,"(474, 9)",56000600K200,"LCD Touchscreen - Purple, Xiaomi Mi 11",Display,"Leverbaar, alleen uit voorraad",Original,6,210.78,1,2
2S,2S_xiaomi.csv,2S_xiaomi.xlsx,"(474, 9)",56000600L300,"Back cover - Tarnish, Xiaomi 12_x000D_
",Housing,"Leverbaar, alleen uit voorraad",Original,3,53.09,1,0
2S,2S_xiaomi.csv,2S_xiaomi.xlsx,"(474, 9)",5600060K7A00,"Speaker, Xiaomi Redmi Note 10",Audio/speaker,"Leverbaar, alleen uit voorraad",Original,2,7.67,1,0
2S,2S_xiaomi.csv,2S_xiaomi.xlsx,"(474, 9)",5600060K9D00,"LCD Touchscreen - Pink, Xiaomi 11 Lite 5G NE",Display,"Leverbaar, alleen uit voorraad",,10,90.96,1,2
2S,2S_xiaomi.csv,2S_xiaomi.xlsx,"(474, 9)",56000700K200,"LCD Touchscreen - Silver, Xiaomi Mi 11",Display,"Leverbaar, alleen uit voorraad",Original,2,204.27,1,1
2S,2S_xiaomi.csv,2S_xiaomi.xlsx,"(474, 9)",5600070C3L00,"LCD Touchscreen - Black, Xiaomi Redmi 9A_x000D_
",Display,"Leverbaar, alleen uit voorraad",Original,25+,27.74,1,50
2S,2S_xiaomi.csv,2S_xiaomi.xlsx,"(474, 9)",560007J15S00,"Speaker, Xiaomi Redmi Note 9",Audio/speaker,"Leverbaar, alleen uit voorraad",Original,1,8.98,1,0
2S,2S_xiaomi.csv,2S_xiaomi.xlsx,"(474, 9)",56000800K200,"LCD Touchscreen - Black, Xiaomi Mi 11_x000D_
",Display,"Leverbaar, alleen uit voorraad",,11,203.8,1,5
2S,2S_xiaomi.csv,2S_xiaomi.xlsx,"(474, 9)",5600080J1700,"Speaker, Xiaomi Mi 10T Lite",Audio/speaker,"Leverbaar, alleen uit voorraad",Original,2,9.4,1,0
2S,2S_xiaomi.csv,2S_xiaomi.xlsx,"(474, 9)",5600080K3S00,"Speaker, Xiaomi Mi 11T/Mi 11T Pro",Audio/speaker,"Leverbaar, alleen uit voorraad",Original,1,12.0,1,0
2S,2S_xiaomi.csv,2S_xiaomi.xlsx,"(474, 9)",5600080L3A00,"Back cover - Blue, Xiaomi 12X 5G",Housing,"Leverbaar, alleen uit voorraad",Original,1,39.6,1,0
2S,2S_xiaomi.csv,2S_xiaomi.xlsx,"(474, 9)",5600090L1000,"LCD Touchscreen - Black, for model Xiaomi Poco F4 GT",Display,"Leverbaar, alleen uit voorraad",Original,2,114.4,1,1
2S,2S_xiaomi.csv,2S_xiaomi.xlsx,"(474, 9)",56000B0K1100,"Vibrator, Xiaomi Poco F3/ Mi 11X Pro",Buzzer/vibra,"Leverbaar, alleen uit voorraad",Original,1,6.0,1,0
2S,2S_xiaomi.csv,2S_xiaomi.xlsx,"(474, 9)",56000B0K9A00,"LCD Touchscreen - Black, Xiaomi Mi 11 Lite 4G_x000D_
",Display,"Leverbaar, alleen uit voorraad",Original,25+,65.02,1,50
2S,2S_xiaomi.csv,2S_xiaomi.xlsx,"(474, 9)",56000BK16U00,"LCD Touchscreen - Green, Xiaomi Redmi Note 11 Pro+ 5G",Display,"Leverbaar, alleen uit voorraad",,4,92.95,1,1
2S,2S_xiaomi.csv,2S_xiaomi.xlsx,"(474, 9)",56000C0K9A00,"LCD Touchscreen - Blue, Xiaomi Mi 11 Lite 4G_x000D_
",Display,"Leverbaar, alleen uit voorraad",Original,25+,65.48,1,25
2S,2S_xiaomi.csv,2S_xiaomi.xlsx,"(474, 9)",56000CK11A00,"Back cover - Blue, Xiaomi Poco F3",Housing,"Leverbaar, alleen uit voorraad",Original,2,22.46,1,0
2S,2S_xiaomi.csv,2S_xiaomi.xlsx,"(474, 9)",56000D00J200,"Speaker (top), Xiaomi Mi 10",Audio/speaker,"Leverbaar, alleen uit voorraad",Original,1,9.75,1,0
2S,2S_xiaomi.csv,2S_xiaomi.xlsx,"(474, 9)",56000D0J1100,"LCD Touchscreen - Blue, Xiaomi Poco F2 Pro",Display,"Leverbaar, alleen uit voorraad",Original,2,82.8,1,1
2S,2S_xiaomi.csv,2S_xiaomi.xlsx,"(474, 9)",56000D0K9A00,"LCD Touchscreen - Pink, Xiaomi Mi 11 Lite 4G_x000D_
",Display,"Leverbaar, alleen uit voorraad",Original,5,69.23,1,1
2S,2S_xiaomi.csv,2S_xiaomi.xlsx,"(474, 9)",56000DK11A00,"Back cover - White, Xiaomi Poco F3",Housing,"Leverbaar, alleen uit voorraad",,1,22.49,1,0
2S,2S_xiaomi.csv,2S_xiaomi.xlsx,"(474, 9)",56000E0J1100,"LCD Touchscreen - White, Xiaomi Poco F2 Pro",Display,"Leverbaar, alleen uit voorraad",Original,2,82.8,1,1
2S,2S_xiaomi.csv,2S_xiaomi.xlsx,"(474, 9)",56000EK11A00,"Back cover - Black, Xiaomi Poco F3",Housing,"Leverbaar, alleen uit voorraad",,1,22.49,1,0
2S,2S_xiaomi.csv,2S_xiaomi.xlsx,"(474, 9)",56000F0J1100,"LCD Touchscreen - Purple, Xiaomi Poco F2 Pro",Display,"Leverbaar, alleen uit voorraad",Original,1,82.8,1,1
2S,2S_xiaomi.csv,2S_xiaomi.xlsx,"(474, 9)",56000FK11A00,"Back cover - Silver, Xiaomi Poco F3",Housing,"Leverbaar, alleen uit voorraad",Original,2,19.54,1,0
2S,2S_xiaomi.csv,2S_xiaomi.xlsx,"(474, 9)",56000G00G700,"LCD Touchscreen - Blue, Xiaomi Redmi Note 8 Pro",Display,"Leverbaar, alleen uit voorraad",Original,25+,45.66,1,50
2S,2S_xiaomi.csv,2S_xiaomi.xlsx,"(474, 9)",56000G0J1100,"LCD Touchscreen - Gray, Xiaomi Poco F2 Pro",Display,"Leverbaar, alleen uit voorraad",Original,9,89.76,1,2
2S,2S_xiaomi.csv,2S_xiaomi.xlsx,"(474, 9)",56000G0K1100,"Speaker, Xiaomi Poco F3/Mi 11X Pro",Audio/speaker,"Leverbaar, alleen uit voorraad",Original,1,9.75,1,0
2S,2S_xiaomi.csv,2S_xiaomi.xlsx,"(474, 9)",56000H00K900,"LCD Touchscreen - Green, Xiaomi Mi 11 Lite 5G_x000D_
",Display,"Leverbaar, alleen uit voorraad",Original,25+,77.71,1,10
2S,2S_xiaomi.csv,2S_xiaomi.xlsx,"(474, 9)",56000H00L200,"Back cover - Blue, Xiaomi 12 Pro",Housing,"Leverbaar, alleen uit voorraad",Original,1,57.5,1,0
2S,2S_xiaomi.csv,2S_xiaomi.xlsx,"(474, 9)",56000HL11R00,"LCD Touchscreen - Black, Xiaomi Poco F4",Display,"Leverbaar, alleen uit voorraad",,5,92.4,1,1
2S,2S_xiaomi.csv,2S_xiaomi.xlsx,"(474, 9)",56000J00J200,"LCD Touchscreen - Gray, Xiaomi Mi 10 Version ""C""_x000D_
",Display,"Leverbaar, alleen uit voorraad",Original,6,177.28,1,2
2S,2S_xiaomi.csv,2S_xiaomi.xlsx,"(474, 9)",56000J00K900,"LCD Touchscreen - Yellow, Xiaomi Mi 11 Lite 5G_x000D_
",Display,"Leverbaar, alleen uit voorraad",Original,3,69.22,1,1
2S,2S_xiaomi.csv,2S_xiaomi.xlsx,"(474, 9)",56000J00L200,"Back Cover - Tarnish, Xiaomi 12 Pro",Housing,"Leverbaar, alleen uit voorraad",Original,2,57.5,1,0
2S,2S_xiaomi.csv,2S_xiaomi.xlsx,"(474, 9)",56000JL11R00,"LCD Touchscreen - Green, Xiaomi Poco F4",Display,"Leverbaar, alleen uit voorraad",,3,92.4,1,1
2S,2S_xiaomi.csv,2S_xiaomi.xlsx,"(474, 9)",56000KL11R00,"LCD Touchscreen - White, Xiaomi Poco F4",Display,"Leverbaar, alleen uit voorraad",,3,85.8,1,1
2S,2S_xiaomi.csv,2S_xiaomi.xlsx,"(474, 9)",56000L00L200,"Rear Camera 50M (main), Xiaomi 12 Pro",Camera,"Leverbaar, alleen uit voorraad",Original,2,91.15,1,0
2S,2S_xiaomi.csv,2S_xiaomi.xlsx,"(474, 9)",56000L0L3A00,"Back cover - Purple, Xiaomi 12X",Housing,"Leverbaar, alleen uit voorraad",Original,1,39.6,1,0
2S,2S_xiaomi.csv,2S_xiaomi.xlsx,"(474, 9)",56000Q0K9D00,"LCD Touchscreen - Green, Xiaomi 11 Lite 5G NE_x000D_
",Display,"Leverbaar, alleen uit voorraad",,9,92.63,1,2
2S,2S_xiaomi.csv,2S_xiaomi.xlsx,"(474, 9)",5601100040B6,"LCD Touchscreen - Black, Xiaomi Mi 8 Pro",Display,"Leverbaar, alleen uit voorraad",Original,4,57.5,1,1
2S,2S_xiaomi.csv,2S_xiaomi.xlsx,"(474, 9)",560110015033,"LCD Touchscreen - Black, Xiaomi Mi 9T / 9T Pro",Display,"Leverbaar, alleen uit voorraad",Original,2,91.3,1,1
2S,2S_xiaomi.csv,2S_xiaomi.xlsx,"(474, 9)",5601200190B6,"Back cover - Gray, Xiaomi Redmi 5A_x000D_
",Housing,"Leverbaar, alleen uit voorraad",Original,2,4.52,1,0
2S,2S_xiaomi.csv,2S_xiaomi.xlsx,"(474, 9)",560310002033,"LCD Touchscreen - Silver, Xiaomi Mi 8",Display,"Leverbaar, alleen uit voorraad",Original,10,64.62,1,2
2S,2S_xiaomi.csv,2S_xiaomi.xlsx,"(474, 9)",5603100090B6,"LCD Touchscreen - Silver, Xiaomi Mi A3",Display,"Leverbaar, alleen uit voorraad",Original,13,57.9,1,5
2S,2S_xiaomi.csv,2S_xiaomi.xlsx,"(474, 9)",560460002033,"LCD Touchscreen - White, Xiaomi Redmi Note 7",Display,"Leverbaar, alleen uit voorraad",Original,5,48.82,1,1
2S,2S_xiaomi.csv,2S_xiaomi.xlsx,"(474, 9)",560610007033,"LCD Touchscreen - Black, Xiaomi Redmi Note 5A",Display,"Leverbaar, alleen uit voorraad",Original,3,30.0,1,1
2S,2S_xiaomi.csv,2S_xiaomi.xlsx,"(474, 9)",5606100180B6,"LCD Touchscreen - Black, Xiaomi Redmi 5A ",Display,"Leverbaar, alleen uit voorraad",Original,1,27.46,1,1
2S,2S_xiaomi.csv,2S_xiaomi.xlsx,"(474, 9)",560610027033,"LCD Touchscreen - Black, Xiaomi Redmi Note 5",Display,"Leverbaar, alleen uit voorraad",,2,30.0,1,1
2S,2S_xiaomi.csv,2S_xiaomi.xlsx,"(474, 9)",5606100400B6,"LCD Touchscreen - Black, Xiaomi Mi 8",Display,"Leverbaar, alleen uit voorraad",Original,4,87.8,1,1
2S,2S_xiaomi.csv,2S_xiaomi.xlsx,"(474, 9)",560610072033,"LCD Touchscreen - Black, Xiaomi Mi Mix 3",Display,"Leverbaar, alleen uit voorraad",Original,25+,87.2,1,10
2S,2S_xiaomi.csv,2S_xiaomi.xlsx,"(474, 9)",5606100920C7,"LCD Touchscreen - Black, Xiaomi Redmi Note 7",Display,"Leverbaar, alleen uit voorraad",Original,25+,44.92,1,10
2S,2S_xiaomi.csv,2S_xiaomi.xlsx,"(474, 9)",560610095033,"LCD Touchscreen - Black, Xiaomi Mi 9",Display,"Leverbaar, alleen uit voorraad",Original,4,104.5,1,1
2S,2S_xiaomi.csv,2S_xiaomi.xlsx,"(474, 9)",560610115033,"LCD Touchscreen - Black, Xiaomi Redmi 7",Display,"Leverbaar, alleen uit voorraad",Original,2,39.96,1,1
2S,2S_xiaomi.csv,2S_xiaomi.xlsx,"(474, 9)",560610118033,"LCD Touchscreen - Black, Xiaomi Mi 9 lite",Display,"Leverbaar, alleen uit voorraad",Original,12,53.15,1,5
2S,2S_xiaomi.csv,2S_xiaomi.xlsx,"(474, 9)",560610122000,"LCD Touchscreen - Black, Xiaomi Redmi 7A",Display,"Leverbaar, alleen uit voorraad",Original,9,24.69,1,2
2S,2S_xiaomi.csv,2S_xiaomi.xlsx,"(474, 9)",5606101260B6,"LCD Touchscreen - Black, Xiaomi Mi A3",Display,"Leverbaar, alleen uit voorraad",Original,4,60.73,1,1
2S,2S_xiaomi.csv,2S_xiaomi.xlsx,"(474, 9)",5609100030C7,"LCD Touchscreen - Nebula Red, Xiaomi Redmi Note 7",Display,"Leverbaar, alleen uit voorraad",Original,1,44.06,1,1
2S,2S_xiaomi.csv,2S_xiaomi.xlsx,"(474, 9)",560910015033,"LCD Touchscreen - White, Xiaomi Mi 9 Lite ",Display,"Leverbaar, alleen uit voorraad",Original,5,50.4,1,1
2S,2S_xiaomi.csv,2S_xiaomi.xlsx,"(474, 9)",561010006033,"LCD Touchscreen - Blue, Xiaomi Mi 8",Display,"Leverbaar, alleen uit voorraad",,6,91.58,1,2
2S,2S_xiaomi.csv,2S_xiaomi.xlsx,"(474, 9)",5610100140C7,"LCD Touchscreen - Blue, Xiaomi Redmi Note 7",Display,"Leverbaar, alleen uit voorraad",Original,25+,40.37,1,10
2S,2S_xiaomi.csv,2S_xiaomi.xlsx,"(474, 9)",561010016033,"LCD Touchscreen - Blue, Xiaomi Mi 9",Display,"Leverbaar, alleen uit voorraad",Original,11,86.11,1,5
2S,2S_xiaomi.csv,2S_xiaomi.xlsx,"(474, 9)",5610100210B6,"LCD Touchscreen - Blue, Xiaomi Mi 9SE",Display,"Leverbaar, alleen uit voorraad",Original,25+,80.87,1,10
2S,2S_xiaomi.csv,2S_xiaomi.xlsx,"(474, 9)",561010032033,"LCD Touchscreen - Glacier Blue, Xiaomi Mi 9T / 9T Pro",Display,"Leverbaar, alleen uit voorraad",Original,2,95.79,1,1
2S,2S_xiaomi.csv,2S_xiaomi.xlsx,"(474, 9)",561010033033,"LCD Touchscreen - Blue, Xiaomi Mi 9 Lite ",Display,"Leverbaar, alleen uit voorraad",Original,4,55.2,1,1
2S,2S_xiaomi.csv,2S_xiaomi.xlsx,"(474, 9)",5610100380B6,"LCD Touchscreen - Blue, Xiaomi Mi A3",Display,"Leverbaar, alleen uit voorraad",Original,25+,61.8,1,10
2S,2S_xiaomi.csv,2S_xiaomi.xlsx,"(474, 9)",561210003033,"LCD Touchscreen - Purple, Xiaomi Mi 9 ",Display,"Leverbaar, alleen uit voorraad",Original,15,76.81,1,5
2S,2S_xiaomi.csv,2S_xiaomi.xlsx,"(474, 9)",5612100040B6,"LCD Touchscreen - Purple, Xiaomi Mi 9SE",Display,"Leverbaar, alleen uit voorraad",Original,10,60.84,1,2
2S,2S_xiaomi.csv,2S_xiaomi.xlsx,"(474, 9)",REF-XI11L5GNE01,LCD Touchscreen excl. frame (Refurb) for model Xiaomi 11 Lite 5G NE,Display,"Leverbaar, alleen uit voorraad",Refurb,12,42.79,1,5
2S,2S_xiaomi.csv,2S_xiaomi.xlsx,"(474, 9)",REF-XIA11T01,LCD Touchscreen excl. frame (Refurb) for model Xiaomi 11T,Display,"Leverbaar, alleen uit voorraad",Refurb,24,59.57,1,5
2S,2S_xiaomi.csv,2S_xiaomi.xlsx,"(474, 9)",REF-XIA11TP01,LCD Touchscreen excl. frame (Refurb) for model Xiaomi 11T Pro,Display,"Leverbaar, alleen uit voorraad",Refurb,25,59.57,1,5
2S,2S_xiaomi.csv,2S_xiaomi.xlsx,"(474, 9)",REF-XIA12202201,LCD Touchscreen excl. frame (Refurb) for model Xiaomi 12 (2022),Display,"Leverbaar, alleen uit voorraad",Refurb,19,65.12,1,5
2S,2S_xiaomi.csv,2S_xiaomi.xlsx,"(474, 9)",REF-XIA12P01,LCD Touchscreen excl. frame (Refurb) for model Xiaomi 12 Pro,Display,"Leverbaar, alleen uit voorraad",Refurb,20,179.22,1,5
2S,2S_xiaomi.csv,2S_xiaomi.xlsx,"(474, 9)",REF-XIA12X5G01,LCD Touchscreen excl. frame (Refurb) for model Xiaomi 12X 5G,Display,"Leverbaar, alleen uit voorraad",Refurb,15,65.12,1,5
2S,2S_xiaomi.csv,2S_xiaomi.xlsx,"(474, 9)",REF-XIAMI1001,LCD Touchscreen excl. frame (Refurb) for model Xiaomi Mi 10,Display,"Leverbaar, alleen uit voorraad",Refurb,10,59.57,1,2
2S,2S_xiaomi.csv,2S_xiaomi.xlsx,"(474, 9)",REF-XIAMI10C01,"LCD Touchscreen excl. frame (Refurb) for model Xiaomi Mi 10 Version ""C""",Display,"Leverbaar, alleen uit voorraad",Refurb,4,59.57,1,1
2S,2S_xiaomi.csv,2S_xiaomi.xlsx,"(474, 9)",REF-XIAMI10L5G01,LCD Touchscreen excl. frame (Refurb) for model Xiaomi Mi 10 Lite 5G,Display,"Leverbaar, alleen uit voorraad",Refurb,10,59.86,1,2
2S,2S_xiaomi.csv,2S_xiaomi.xlsx,"(474, 9)",REF-XIAMI10P01,LCD Touchscreen excl. frame (Refurb) for model Xiaomi Mi 10 Pro,Display,"Leverbaar, alleen uit voorraad",Refurb,10,125.38,1,2
2S,2S_xiaomi.csv,2S_xiaomi.xlsx,"(474, 9)",REF-XIAMI10PS01,"LCD Touchscreen excl. frame (Refurb) for model Xiaomi Mi 10 Pro Version ""S""",Display,"Leverbaar, alleen uit voorraad",Refurb,5,125.38,1,1
2S,2S_xiaomi.csv,2S_xiaomi.xlsx,"(474, 9)",REF-XIAMI10S01,"LCD Touchscreen excl. frame (Refurb) for model Xiaomi Mi 10 Version ""S""",Display,"Leverbaar, alleen uit voorraad",Refurb,5,114.31,1,1
2S,2S_xiaomi.csv,2S_xiaomi.xlsx,"(474, 9)",REF-XIAMI1101,LCD Touchscreen excl. frame (Refurb) for model Xiaomi Mi 11,Display,"Leverbaar, alleen uit voorraad",Refurb,5,157.69,1,1
2S,2S_xiaomi.csv,2S_xiaomi.xlsx,"(474, 9)",REF-XIAMI11L4G01,LCD Touchscreen excl. frame (Refurb) for model Xiaomi Mi 11 Lite 4G,Display,"Leverbaar, alleen uit voorraad",Refurb,5,44.46,1,1
2S,2S_xiaomi.csv,2S_xiaomi.xlsx,"(474, 9)",REF-XIAMI11L5G01,LCD Touchscreen excl. frame (Refurb) for model Xiaomi Mi 11 Lite 5G,Display,"Leverbaar, alleen uit voorraad",Refurb,5,44.46,1,1
2S,2S_xiaomi.csv,2S_xiaomi.xlsx,"(474, 9)",REF-XIAMI11U01,LCD Touchscreen excl. frame (Refurb) for model Xiaomi Mi 11 Ultra,Display,"Leverbaar, alleen uit voorraad",Refurb,3,191.53,1,1
2S,2S_xiaomi.csv,2S_xiaomi.xlsx,"(474, 9)",REF-XIAMI11XP01,LCD Touchscreen excl. frame (Refurb) for model Xiaomi Mi 11X Pro & Xiaomi Mi 11i,Display,"Leverbaar, alleen uit voorraad",Refurb,5,99.22,1,1
2S,2S_xiaomi.csv,2S_xiaomi.xlsx,"(474, 9)",REF-XIAMI801,LCD Touchscreen excl. frame (Refurb) for model Xiaomi Mi 8,Display,"Leverbaar, alleen uit voorraad",Refurb,5,42.79,1,1
2S,2S_xiaomi.csv,2S_xiaomi.xlsx,"(474, 9)",REF-XIAMI8P01,LCD Touchscreen excl. frame (Refurb) for model Xiaomi Mi 8 Pro,Display,"Leverbaar, alleen uit voorraad",Refurb,5,46.98,1,1
2S,2S_xiaomi.csv,2S_xiaomi.xlsx,"(474, 9)",REF-XIAMI901,LCD Touchscreen excl. frame (Refurb) for model Xiaomi Mi 9,Display,"Leverbaar, alleen uit voorraad",Refurb,2,57.89,1,1
2S,2S_xiaomi.csv,2S_xiaomi.xlsx,"(474, 9)",REF-XIAMI9L01,LCD Touchscreen excl. frame (Refurb) for model Xiaomi Mi 9 Lite,Display,"Leverbaar, alleen uit voorraad",Refurb,5,49.5,1,1
2S,2S_xiaomi.csv,2S_xiaomi.xlsx,"(474, 9)",REF-XIAMI9T01,LCD Touchscreen excl. frame (Refurb) for model Xiaomi Mi 9T / 9T Pro,Display,"Leverbaar, alleen uit voorraad",Refurb,1,76.38,1,1
2S,2S_xiaomi.csv,2S_xiaomi.xlsx,"(474, 9)",REF-XIAMIA301,LCD Touchscreen excl. frame (Refurb) for model Xiaomi Mi A3,Display,"Leverbaar, alleen uit voorraad",Refurb,5,57.89,1,1
2S,2S_xiaomi.csv,2S_xiaomi.xlsx,"(474, 9)",REF-XIAMIMIX301,LCD Touchscreen excl. frame (Refurb) for model Xiaomi Mi Mix 3,Display,"Leverbaar, alleen uit voorraad",Refurb,4,69.95,1,1
2S,2S_xiaomi.csv,2S_xiaomi.xlsx,"(474, 9)",REF-XIAMIN1001,LCD Touchscreen excl. frame (Refurb) for model Xiaomi Mi Note 10,Display,"Leverbaar, alleen uit voorraad",Refurb,3,31.81,1,1
2S,2S_xiaomi.csv,2S_xiaomi.xlsx,"(474, 9)",REF-XIAMIN10L01,LCD Touchscreen excl. frame (Refurb) for model Xiaomi Mi Note 10 Lite,Display,"Leverbaar, alleen uit voorraad",Refurb,2,31.81,1,1
2S,2S_xiaomi.csv,2S_xiaomi.xlsx,"(474, 9)",REF-XIAPF301,LCD Touchscreen excl. frame (Refurb) for model Xiaomi Poco F3,Display,"Leverbaar, alleen uit voorraad",Refurb,2,99.22,1,1
2S,2S_xiaomi.csv,2S_xiaomi.xlsx,"(474, 9)",REF-XIAPF401,LCD Touchscreen excl. frame (Refurb) for model Xiaomi Poco F4,Display,"Leverbaar, alleen uit voorraad",Refurb,1,84.94,1,1
2S,2S_xiaomi.csv,2S_xiaomi.xlsx,"(474, 9)",REF-XIAPM3P5G01,LCD Touchscreen excl. frame (Refurb) for model Xiaomi Poco M3 Pro 5G,Display,"Leverbaar, alleen uit voorraad",Refurb,1,22.02,1,1
2S,2S_xiaomi.csv,2S_xiaomi.xlsx,"(474, 9)",REF-XIAPX3P01,LCD Touchscreen excl. frame (Refurb) for model Xiaomi Poco X3 Pro,Display,"Leverbaar, alleen uit voorraad",Refurb,2,23.74,1,1
2S,2S_xiaomi.csv,2S_xiaomi.xlsx,"(474, 9)",REF-XIAR10202201,LCD Touchscreen excl. frame (Refurb) for model Xiaomi Redmi 10 (2022),Display,"Leverbaar, alleen uit voorraad",Refurb,1,21.83,1,1
2S,2S_xiaomi.csv,2S_xiaomi.xlsx,"(474, 9)",REF-XIARN10S01,LCD Touchscreen excl. frame (Refurb) for model Xiaomi Redmi Note 10S,Display,"Leverbaar, alleen uit voorraad",Refurb,2,74.78,1,1
2S,2S_xiaomi.csv,2S_xiaomi.xlsx,"(474, 9)",REF-XIARN11P5G01,LCD Touchscreen excl. frame (Refurb) for model Xiaomi Redmi Note 11 Pro 5G,Display,"Leverbaar, alleen uit voorraad",Refurb,2,96.14,1,1
2S,2S_xiaomi.csv,2S_xiaomi.xlsx,"(474, 9)",REF-XIARN11S01,LCD Touchscreen excl. frame (Refurb) for model Xiaomi Redmi Note 11S,Display,"Leverbaar, alleen uit voorraad",Refurb,2,97.68,1,1
